filename,width,height,class,xmin,ymin,xmax,ymax
img_2021-08-25_16-43-48.jpg,1600,1600,car,533,684,592,748
img_2021-08-25_16-43-48.jpg,1600,1600,car,960,377,1019,442
img_2021-08-25_16-43-48.jpg,1600,1600,car,1085,361,1152,421
img_2021-08-25_16-43-48.jpg,1600,1600,car,1119,402,1179,454
img_2021-08-25_16-43-48.jpg,1600,1600,white,181,590,290,695
img_2021-08-25_16-43-48.jpg,1600,1600,white,718,826,820,926
img_2021-08-25_16-43-48.jpg,1600,1600,white,431,773,520,854
img_2021-08-25_16-43-48.jpg,1600,1600,white,287,951,401,1051
img_2021-08-25_16-43-48.jpg,1600,1600,white,473,1109,581,1201
img_2021-08-25_16-43-48.jpg,1600,1600,white,570,1282,656,1365
img_2021-08-25_16-43-48.jpg,1600,1600,white,565,1170,668,1270
img_2021-08-25_16-43-48.jpg,1600,1600,white,1073,857,1168,954
img_2021-08-25_16-43-48.jpg,1600,1600,white,579,554,645,615
img_2021-08-25_16-43-48.jpg,1600,1600,white,768,504,859,593
img_2021-08-25_16-43-48.jpg,1600,1600,white,701,551,790,645
img_2021-08-25_16-43-48.jpg,1600,1600,white,1168,1354,1268,1482
img_2021-08-25_16-43-48.jpg,1600,1600,white,1284,1118,1370,1215
img_2021-08-25_16-43-48.jpg,1600,1600,white,1359,1118,1434,1223
img_2021-08-25_16-43-48.jpg,1600,1600,white,1476,551,1584,676
img_2021-08-25_16-43-48.jpg,1600,1600,white,918,462,990,537
img_2021-08-25_16-43-48.jpg,1600,1600,white,1009,476,1098,582
img_2021-08-25_16-44-07.jpg,1600,1600,car,428,228,481,291
img_2021-08-25_16-44-07.jpg,1600,1600,car,1085,1368,1152,1437
img_2021-08-25_16-44-07.jpg,1600,1600,car,1042,958,1105,1024
img_2021-08-25_16-44-07.jpg,1600,1600,car,498,788,558,854
img_2021-08-25_16-44-07.jpg,1600,1600,car,302,1291,368,1368
img_2021-08-25_16-44-07.jpg,1600,1600,white,1379,757,1451,834
img_2021-08-25_16-44-07.jpg,1600,1600,white,1004,207,1084,284
img_2021-08-25_16-44-07.jpg,1600,1600,white,626,157,684,218
img_2021-08-25_16-44-07.jpg,1600,1600,white,545,170,609,232
img_2021-08-25_16-44-07.jpg,1600,1600,white,334,401,404,459
img_2021-08-25_16-44-07.jpg,1600,1600,white,570,548,640,615
img_2021-08-25_16-44-07.jpg,1600,1600,white,165,565,226,623
img_2021-08-25_16-44-07.jpg,1600,1600,white,618,1084,690,1159
img_2021-08-25_16-44-07.jpg,1600,1600,white,270,865,343,932
img_2021-08-25_16-44-07.jpg,1600,1600,white,1165,423,1220,490
img_2021-08-25_16-44-07.jpg,1600,1600,white,1409,637,1470,701
img_2021-08-25_16-44-07.jpg,1600,1600,white,156,857,220,918
img_2021-08-25_16-44-07.jpg,1600,1600,white,165,418,226,487
img_2021-08-25_16-44-24.jpg,1600,1600,car,1493,668,1556,740
img_2021-08-25_16-44-24.jpg,1600,1600,white,423,726,509,815
img_2021-08-25_16-44-24.jpg,1600,1600,white,531,295,631,384
img_2021-08-25_16-44-24.jpg,1600,1600,white,862,473,945,568
img_2021-08-25_16-44-24.jpg,1600,1600,white,1256,407,1343,490
img_2021-08-25_16-44-24.jpg,1600,1600,white,1379,740,1465,829
img_2021-08-25_16-44-24.jpg,1600,1600,white,1306,1062,1387,1148
img_2021-08-25_16-44-24.jpg,1600,1600,white,637,1020,715,1107
img_2021-08-25_16-44-24.jpg,1600,1600,white,856,829,920,907
img_2021-08-25_16-44-24.jpg,1600,1600,white,920,759,993,840
img_2021-08-25_16-44-24.jpg,1600,1600,white,1040,826,1106,890
img_2021-08-25_16-44-24.jpg,1600,1600,white,1073,1165,1140,1240
img_2021-08-25_16-44-24.jpg,1600,1600,white,909,1145,984,1218
img_2021-08-25_16-44-24.jpg,1600,1600,white,834,1337,931,1426
img_2021-08-25_16-44-24.jpg,1600,1600,white,948,209,1026,295
img_2021-08-25_16-46-15.jpg,1600,1600,car,1145,579,1212,651
img_2021-08-25_16-46-15.jpg,1600,1600,white,804,343,887,445
img_2021-08-25_16-46-15.jpg,1600,1600,white,531,229,620,329
img_2021-08-25_16-46-15.jpg,1600,1600,white,1168,382,1251,476
img_2021-08-25_16-46-15.jpg,1600,1600,white,1234,843,1312,934
img_2021-08-25_16-46-15.jpg,1600,1600,white,1356,940,1443,1023
img_2021-08-25_16-46-15.jpg,1600,1600,white,1098,859,1170,965
img_2021-08-25_16-46-15.jpg,1600,1600,white,598,1070,679,1148
img_2021-08-25_16-46-15.jpg,1600,1600,white,556,801,634,899
img_2021-08-25_16-46-15.jpg,1600,1600,white,429,1157,509,1229
img_2021-08-25_16-46-15.jpg,1600,1600,white,959,870,1020,932
img_2021-08-25_16-46-15.jpg,1600,1600,white,1326,234,1398,318
img_2021-08-25_16-46-56.jpg,1600,1600,car,693,1029,793,1120
img_2021-08-25_16-46-56.jpg,1600,1600,car,312,890,379,959
img_2021-08-25_16-46-56.jpg,1600,1600,car,634,1312,712,1387
img_2021-08-25_16-46-56.jpg,1600,1600,white,1212,1251,1309,1351
img_2021-08-25_16-46-56.jpg,1600,1600,white,904,1482,987,1584
img_2021-08-25_16-46-56.jpg,1600,1600,white,445,1329,520,1409
img_2021-08-25_16-46-56.jpg,1600,1600,white,576,379,662,462
img_2021-08-25_16-46-56.jpg,1600,1600,white,393,854,479,940
img_2021-08-25_16-47-08.jpg,1600,1600,car,1245,393,1301,451
img_2021-08-25_16-47-08.jpg,1600,1600,car,959,143,1023,204
img_2021-08-25_16-47-08.jpg,1600,1600,car,543,173,606,229
img_2021-08-25_16-47-08.jpg,1600,1600,car,1068,109,1120,170
img_2021-08-25_16-47-08.jpg,1600,1600,white,570,457,629,534
img_2021-08-25_16-47-08.jpg,1600,1600,white,693,301,754,362
img_2021-08-25_16-47-08.jpg,1600,1600,white,795,345,859,415
img_2021-08-25_16-47-08.jpg,1600,1600,white,295,857,359,932
img_2021-08-25_16-47-08.jpg,1600,1600,white,306,298,376,368
img_2021-08-25_16-47-08.jpg,1600,1600,white,418,1104,479,1162
img_2021-08-25_16-47-08.jpg,1600,1600,white,434,1198,490,1273
img_2021-08-25_16-47-08.jpg,1600,1600,white,673,1270,723,1332
img_2021-08-25_16-47-08.jpg,1600,1600,white,1156,1045,1218,1109
img_2021-08-25_16-47-08.jpg,1600,1600,white,1201,684,1268,754
img_2021-08-25_16-47-08.jpg,1600,1600,white,1273,548,1343,620
img_2021-08-25_16-47-08.jpg,1600,1600,white,1429,409,1487,479
img_2021-08-25_16-47-08.jpg,1600,1600,white,1509,654,1570,712
img_2021-08-25_16-47-08.jpg,1600,1600,white,1473,784,1537,857
img_2021-08-25_16-47-08.jpg,1600,1600,white,1423,910,1498,971
img_2021-08-25_16-47-08.jpg,1600,1600,white,1370,993,1437,1054
img_2021-08-25_16-47-08.jpg,1600,1600,white,418,187,484,248
img_2021-08-25_16-47-08.jpg,1600,1600,white,620,1157,668,1209
img_2021-08-25_16-47-08.jpg,1600,1600,white,840,474,898,535
img_2021-08-25_16-47-20.jpg,1600,1600,car,1234,323,1293,379
img_2021-08-25_16-47-20.jpg,1600,1600,white,373,418,445,493
img_2021-08-25_16-47-20.jpg,1600,1600,white,523,404,581,476
img_2021-08-25_16-47-20.jpg,1600,1600,white,609,468,679,540
img_2021-08-25_16-47-20.jpg,1600,1600,white,365,979,429,1043
img_2021-08-25_16-47-20.jpg,1600,1600,white,212,1098,281,1176
img_2021-08-25_16-47-20.jpg,1600,1600,white,943,840,1006,912
img_2021-08-25_16-47-20.jpg,1600,1600,white,1270,854,1337,918
img_2021-08-25_16-47-20.jpg,1600,1600,white,1340,554,1404,618
img_2021-08-25_16-47-20.jpg,1600,1600,white,1390,445,1456,520
img_2021-08-25_16-47-20.jpg,1600,1600,white,1371,620,1432,682
img_2021-08-25_16-47-20.jpg,1600,1600,white,1322,790,1403,857
img_2021-08-25_16-47-20.jpg,1600,1600,white,798,1040,859,1104
img_2021-08-25_16-47-20.jpg,1600,1600,white,698,1009,765,1082
img_2021-08-25_16-47-20.jpg,1600,1600,white,718,1148,784,1215
img_2021-08-25_16-47-20.jpg,1600,1600,white,1106,273,1179,351
img_2021-08-25_16-47-20.jpg,1600,1600,white,1309,373,1379,445
img_2021-08-25_16-47-20.jpg,1600,1600,white,1387,351,1443,418
img_2021-08-25_16-47-20.jpg,1600,1600,white,1429,248,1495,326
img_2021-08-25_16-47-20.jpg,1600,1600,white,865,709,906,757
img_2021-08-25_16-48-32.jpg,1600,1600,car,548,1304,601,1365
img_2021-08-25_16-48-32.jpg,1600,1600,car,948,670,1004,734
img_2021-08-25_16-48-32.jpg,1600,1600,car,1181,962,1231,1026
img_2021-08-25_16-48-32.jpg,1600,1600,car,1340,893,1395,957
img_2021-08-25_16-48-32.jpg,1600,1600,car,695,170,751,226
img_2021-08-25_16-48-32.jpg,1600,1600,white,923,359,984,432
img_2021-08-25_16-48-32.jpg,1600,1600,white,468,395,523,462
img_2021-08-25_16-48-32.jpg,1600,1600,white,581,912,640,968
img_2021-08-25_16-48-32.jpg,1600,1600,white,718,704,768,765
img_2021-08-25_16-48-32.jpg,1600,1600,white,793,926,843,982
img_2021-08-25_16-48-32.jpg,1600,1600,white,1009,765,1062,815
img_2021-08-25_16-48-32.jpg,1600,1600,white,1020,820,1068,873
img_2021-08-25_16-48-32.jpg,1600,1600,white,1098,837,1145,893
img_2021-08-25_16-48-32.jpg,1600,1600,white,1131,932,1179,979
img_2021-08-25_16-48-32.jpg,1600,1600,white,193,1212,276,1309
img_2021-08-25_16-48-59.jpg,1600,1600,car,1334,818,1418,893
img_2021-08-25_16-48-59.jpg,1600,1600,car,1254,198,1337,290
img_2021-08-25_16-48-59.jpg,1600,1600,car,548,687,634,773
img_2021-08-25_16-48-59.jpg,1600,1600,car,1484,737,1559,820
img_2021-08-25_16-48-59.jpg,1600,1600,white,865,845,940,940
img_2021-08-25_16-48-59.jpg,1600,1600,white,337,1029,418,1109
img_2021-08-25_16-48-59.jpg,1600,1600,white,745,1207,843,1284
img_2021-08-25_16-48-59.jpg,1600,1600,white,951,1423,1040,1512
img_2021-08-25_16-48-59.jpg,1600,1600,white,1423,795,1509,898
img_2021-08-25_16-49-09.jpg,1600,1600,car,770,482,843,563
img_2021-08-25_16-49-09.jpg,1600,1600,car,984,776,1081,868
img_2021-08-25_16-49-09.jpg,1600,1600,white,1179,609,1262,704
img_2021-08-25_16-49-09.jpg,1600,1600,white,793,115,884,209
img_2021-08-25_16-49-09.jpg,1600,1600,white,431,326,534,418
img_2021-08-25_16-49-09.jpg,1600,1600,white,676,932,768,1032
img_2021-08-25_16-49-09.jpg,1600,1600,white,662,1054,765,1157
img_2021-08-25_16-49-09.jpg,1600,1600,white,120,1079,223,1173
img_2021-08-25_16-49-09.jpg,1600,1600,white,206,1184,312,1284
img_2021-08-26_15-47-16.jpg,1600,1600,car,734,498,765,540
img_2021-08-26_15-47-16.jpg,1600,1600,car,784,1252,829,1291
img_2021-08-26_15-47-16.jpg,1600,1600,car,665,1301,709,1348
img_2021-08-26_15-47-16.jpg,1600,1600,car,634,1507,676,1551
img_2021-08-26_15-47-16.jpg,1600,1600,car,1179,796,1218,840
img_2021-08-26_15-47-16.jpg,1600,1600,car,1329,690,1370,734
img_2021-08-26_15-47-16.jpg,1600,1600,car,1495,720,1534,768
img_2021-08-26_15-47-16.jpg,1600,1600,car,1498,865,1531,907
img_2021-08-26_15-47-16.jpg,1600,1600,car,273,284,315,326
img_2021-08-26_15-47-16.jpg,1600,1600,car,137,404,173,443
img_2021-08-26_15-47-16.jpg,1600,1600,car,915,62,954,104
img_2021-08-26_15-47-16.jpg,1600,1600,car,698,1054,737,1104
img_2021-08-26_15-47-16.jpg,1600,1600,car,731,1054,776,1107
img_2021-08-26_15-47-16.jpg,1600,1600,car,768,279,815,320
img_2021-08-26_15-47-16.jpg,1600,1600,white,968,365,1029,413
img_2021-08-26_15-47-16.jpg,1600,1600,white,151,759,193,801
img_2021-08-26_15-47-16.jpg,1600,1600,white,582,941,627,988
img_2021-08-26_15-47-16.jpg,1600,1600,white,726,917,765,962
img_2021-08-26_15-47-16.jpg,1600,1600,white,931,1332,984,1382
img_2021-08-26_15-47-16.jpg,1600,1600,white,1004,1157,1045,1201
img_2021-08-26_15-47-16.jpg,1600,1600,white,537,1443,587,1490
img_2021-08-26_15-47-16.jpg,1600,1600,white,1151,1329,1198,1376
img_2021-08-26_15-47-16.jpg,1600,1600,white,1240,1223,1287,1276
img_2021-08-26_15-47-16.jpg,1600,1600,white,1226,1290,1270,1337
img_2021-08-26_15-47-16.jpg,1600,1600,white,329,437,362,484
img_2021-08-26_15-47-16.jpg,1600,1600,white,390,215,445,268
img_2021-08-26_15-47-16.jpg,1600,1600,white,265,437,312,490
img_2021-08-26_15-47-16.jpg,1600,1600,white,1087,484,1137,526
img_2021-08-26_15-47-16.jpg,1600,1600,white,845,323,901,376
img_2021-08-26_15-47-16.jpg,1600,1600,white,1040,284,1090,334
img_2021-08-26_15-47-16.jpg,1600,1600,white,1079,665,1129,715
img_2021-08-26_15-47-16.jpg,1600,1600,white,956,776,1006,837
img_2021-08-26_15-47-16.jpg,1600,1600,white,1254,515,1301,568
img_2021-08-26_15-47-16.jpg,1600,1600,white,1162,487,1212,537
img_2021-08-26_15-47-16.jpg,1600,1600,white,1173,379,1226,434
img_2021-08-26_15-47-16.jpg,1600,1600,white,723,82,790,137
img_2021-08-26_15-47-16.jpg,1600,1600,white,762,1129,812,1173
img_2021-08-26_15-47-16.jpg,1600,1600,white,1243,826,1290,870
img_2021-08-26_15-47-16.jpg,1600,1600,white,1201,879,1254,929
img_2021-08-26_15-47-16.jpg,1600,1600,white,418,618,465,668
img_2021-08-26_15-47-54.jpg,1600,1600,car,106,1018,187,1087
img_2021-08-26_15-47-54.jpg,1600,1600,car,315,1307,387,1365
img_2021-08-26_15-47-54.jpg,1600,1600,car,351,1140,404,1204
img_2021-08-26_15-47-54.jpg,1600,1600,car,476,1351,548,1412
img_2021-08-26_15-47-54.jpg,1600,1600,car,1287,1029,1379,1101
img_2021-08-26_15-47-54.jpg,1600,1600,car,768,1023,845,1093
img_2021-08-26_15-47-54.jpg,1600,1600,car,859,907,937,970
img_2021-08-26_15-47-54.jpg,1600,1600,car,1323,765,1381,832
img_2021-08-26_15-47-54.jpg,1600,1600,white,443,304,529,393
img_2021-08-26_15-47-54.jpg,1600,1600,white,106,682,198,762
img_2021-08-26_15-47-54.jpg,1600,1600,white,268,512,340,576
img_2021-08-26_15-47-54.jpg,1600,1600,white,512,879,584,945
img_2021-08-26_15-47-54.jpg,1600,1600,white,356,970,426,1045
img_2021-08-26_15-47-54.jpg,1600,1600,white,720,1140,820,1232
img_2021-08-26_15-47-54.jpg,1600,1600,white,631,87,720,170
img_2021-08-26_15-47-54.jpg,1600,1600,white,912,82,1009,168
img_2021-08-26_15-47-54.jpg,1600,1600,white,212,401,293,482
img_2021-08-26_15-47-54.jpg,1600,1600,white,1123,1229,1223,1318
img_2021-08-26_15-48-06.jpg,1600,1600,car,984,154,1065,234
img_2021-08-26_15-48-06.jpg,1600,1600,car,1068,145,1148,234
img_2021-08-26_15-48-06.jpg,1600,1600,car,409,1168,484,1245
img_2021-08-26_15-48-06.jpg,1600,1600,car,818,1332,890,1401
img_2021-08-26_15-48-06.jpg,1600,1600,car,1081,990,1140,1057
img_2021-08-26_15-48-06.jpg,1600,1600,car,568,770,629,837
img_2021-08-26_15-48-06.jpg,1600,1600,car,1470,1020,1545,1090
img_2021-08-26_15-48-06.jpg,1600,1600,car,615,1032,670,1093
img_2021-08-26_15-48-06.jpg,1600,1600,car,976,1520,1054,1590
img_2021-08-26_15-48-06.jpg,1600,1600,white,429,748,512,832
img_2021-08-26_15-48-06.jpg,1600,1600,white,1159,251,1251,337
img_2021-08-26_15-48-06.jpg,1600,1600,white,1129,1398,1256,1504
img_2021-08-26_15-48-06.jpg,1600,1600,white,1301,823,1384,907
img_2021-08-26_15-48-06.jpg,1600,1600,white,1048,857,1140,945
img_2021-08-26_15-48-06.jpg,1600,1600,white,1273,732,1356,812
img_2021-08-26_15-48-06.jpg,1600,1600,white,870,1098,951,1173
img_2021-08-26_15-48-06.jpg,1600,1600,white,609,1334,698,1412
img_2021-08-26_15-48-06.jpg,1600,1600,white,1426,1187,1512,1262
img_2021-08-26_15-48-06.jpg,1600,1600,white,1151,884,1215,968
img_2021-08-26_15-48-06.jpg,1600,1600,white,1220,887,1290,976
img_2021-08-26_15-48-06.jpg,1600,1600,white,159,1226,259,1326
img_2021-08-26_15-48-06.jpg,1600,1600,white,359,1382,448,1459
img_2021-08-25_16-44-56.jpg,1600,1600,car,1148,993,1229,1070
img_2021-08-25_16-44-56.jpg,1600,1600,car,1123,1168,1206,1240
img_2021-08-25_16-44-56.jpg,1600,1600,car,668,1301,745,1387
img_2021-08-25_16-44-56.jpg,1600,1600,white,387,504,484,609
img_2021-08-25_16-44-56.jpg,1600,1600,white,201,520,301,609
img_2021-08-25_16-44-56.jpg,1600,1600,white,781,326,868,420
img_2021-08-25_16-44-56.jpg,1600,1600,white,990,309,1079,407
img_2021-08-25_16-44-56.jpg,1600,1600,white,890,412,981,509
img_2021-08-25_16-44-56.jpg,1600,1600,white,1006,698,1093,782
img_2021-08-25_16-44-56.jpg,1600,1600,white,920,973,1009,1062
img_2021-08-25_16-44-56.jpg,1600,1600,white,693,893,762,973
img_2021-08-25_16-44-56.jpg,1600,1600,white,698,1195,790,1284
img_2021-08-25_16-44-56.jpg,1600,1600,white,245,987,320,1070
img_2021-08-25_16-44-56.jpg,1600,1600,white,329,1004,404,1084
img_2021-08-25_16-44-56.jpg,1600,1600,white,370,1101,451,1190
img_2021-08-25_16-44-56.jpg,1600,1600,white,404,1182,493,1259
img_2021-08-25_16-48-22.jpg,1600,1600,car,809,969,870,1033
img_2021-08-25_16-48-22.jpg,1600,1600,white,556,732,634,815
img_2021-08-25_16-48-22.jpg,1600,1600,white,1054,862,1123,929
img_2021-08-25_16-48-22.jpg,1600,1600,white,1120,498,1184,559
img_2021-08-25_16-48-22.jpg,1600,1600,white,1256,629,1315,698
img_2021-08-25_16-48-22.jpg,1600,1600,white,1126,801,1190,862
img_2021-08-25_16-48-22.jpg,1600,1600,white,1148,620,1206,684
img_2021-08-25_16-48-22.jpg,1600,1600,white,718,1434,779,1501
img_2021-08-25_16-48-22.jpg,1600,1600,white,848,1043,901,1109
img_2021-08-25_16-48-22.jpg,1600,1600,white,701,782,756,845
img_2021-08-25_16-48-22.jpg,1600,1600,white,1381,798,1445,857
img_2021-08-25_16-49-20.jpg,1600,1600,car,442,948,495,1012
img_2021-08-25_16-49-20.jpg,1600,1600,white,879,1057,940,1112
img_2021-08-25_16-49-20.jpg,1600,1600,white,1179,1115,1256,1190
img_2021-08-25_16-49-20.jpg,1600,1600,white,473,1284,540,1340
img_2021-08-25_16-49-20.jpg,1600,1600,white,70,776,126,832
img_2021-08-25_16-49-20.jpg,1600,1600,white,568,1312,618,1365
img_2021-08-25_16-49-20.jpg,1600,1600,white,1209,1443,1259,1495
img_2021-08-25_16-50-08.jpg,1600,1600,car,684,1087,768,1168
img_2021-08-25_16-50-08.jpg,1600,1600,car,476,548,534,618
img_2021-08-25_16-50-08.jpg,1600,1600,car,548,1412,618,1479
img_2021-08-25_16-50-08.jpg,1600,1600,white,1073,390,1140,459
img_2021-08-25_16-50-08.jpg,1600,1600,white,1137,607,1209,695
img_2021-08-25_16-50-08.jpg,1600,1600,white,1001,479,1098,570
img_2021-08-25_16-50-08.jpg,1600,1600,white,701,379,779,445
img_2021-08-25_16-50-08.jpg,1600,1600,white,615,398,693,484
img_2021-08-25_16-50-08.jpg,1600,1600,white,431,470,512,543
img_2021-08-25_16-50-08.jpg,1600,1600,white,357,662,426,731
img_2021-08-25_16-50-08.jpg,1600,1600,white,545,976,609,1043
img_2021-08-25_16-50-08.jpg,1600,1600,white,542,1045,600,1118
img_2021-08-25_16-50-08.jpg,1600,1600,white,891,1101,962,1173
img_2021-08-25_16-50-08.jpg,1600,1600,white,920,1198,995,1268
img_2021-08-25_16-50-08.jpg,1600,1600,white,631,1191,700,1265
img_2021-08-25_16-50-08.jpg,1600,1600,white,656,1395,723,1470
img_2021-08-25_16-50-08.jpg,1600,1600,white,1529,832,1587,895
img_2021-08-25_16-50-08.jpg,1600,1600,white,1332,698,1404,776
img_2021-08-25_16-50-08.jpg,1600,1600,white,642,915,700,993
img_2021-08-26_15-49-19.jpg,1600,1600,car,851,423,901,490
img_2021-08-26_15-49-19.jpg,1600,1600,car,1509,673,1570,740
img_2021-08-26_15-49-19.jpg,1600,1600,car,168,1184,229,1257
img_2021-08-26_15-49-19.jpg,1600,1600,car,398,934,468,995
img_2021-08-26_15-49-19.jpg,1600,1600,car,387,1290,440,1348
img_2021-08-26_15-49-19.jpg,1600,1600,car,583,1493,653,1545
img_2021-08-26_15-49-19.jpg,1600,1600,white,637,76,709,140
img_2021-08-26_15-49-19.jpg,1600,1600,white,526,629,606,704
img_2021-08-26_15-49-19.jpg,1600,1600,white,454,762,518,832
img_2021-08-26_15-49-19.jpg,1600,1600,white,631,987,698,1048
img_2021-08-26_15-49-19.jpg,1600,1600,white,931,1132,998,1198
img_2021-08-26_15-49-19.jpg,1600,1600,white,368,1034,426,1095
img_2021-08-26_15-49-19.jpg,1600,1600,white,501,1109,565,1168
img_2021-08-26_15-49-19.jpg,1600,1600,white,1151,1015,1209,1079
img_2021-08-26_15-49-19.jpg,1600,1600,white,1207,973,1279,1034
img_2021-08-26_15-49-19.jpg,1600,1600,white,643,262,706,320
img_2021-08-26_15-49-19.jpg,1600,1600,white,781,259,856,332
img_2021-08-26_15-49-19.jpg,1600,1600,white,731,134,804,190
img_2021-08-26_15-49-19.jpg,1600,1600,white,1376,437,1448,520
img_2021-08-26_15-49-19.jpg,1600,1600,white,1229,1307,1298,1368
img_2021-08-26_15-49-19.jpg,1600,1600,white,1012,337,1076,395
img_2021-08-26_15-49-19.jpg,1600,1600,white,1034,1482,1118,1551
img_2021-08-26_15-49-19.jpg,1600,1600,white,981,518,1068,601
img_2021-08-26_15-51-09.jpg,1600,1600,car,576,829,640,884
img_2021-08-26_15-51-09.jpg,1600,1600,car,1306,673,1379,748
img_2021-08-26_15-51-09.jpg,1600,1600,car,1154,484,1234,551
img_2021-08-26_15-51-09.jpg,1600,1600,car,715,187,781,254
img_2021-08-26_15-51-09.jpg,1600,1600,car,640,70,704,132
img_2021-08-26_15-51-09.jpg,1600,1600,car,1329,1151,1390,1220
img_2021-08-26_15-51-09.jpg,1600,1600,car,423,1182,473,1226
img_2021-08-26_15-51-09.jpg,1600,1600,car,1212,1218,1273,1279
img_2021-08-26_15-51-09.jpg,1600,1600,white,643,1290,718,1373
img_2021-08-26_15-51-09.jpg,1600,1600,white,1104,1426,1181,1504
img_2021-08-26_15-51-09.jpg,1600,1600,white,140,837,209,909
img_2021-08-26_15-51-09.jpg,1600,1600,white,759,312,829,404
img_2021-08-26_15-51-09.jpg,1600,1600,white,1043,126,1129,198
img_2021-08-26_15-51-09.jpg,1600,1600,white,1068,582,1145,673
img_2021-08-26_15-51-09.jpg,1600,1600,white,926,937,990,1012
img_2021-08-26_15-51-09.jpg,1600,1600,white,945,1020,1009,1101
img_2021-08-26_15-51-09.jpg,1600,1600,white,993,932,1062,1009
img_2021-08-26_15-51-09.jpg,1600,1600,white,1156,959,1223,1032
img_2021-08-26_15-51-09.jpg,1600,1600,white,1204,898,1268,979
img_2021-08-26_15-51-09.jpg,1600,1600,white,1284,982,1345,1062
img_2021-08-26_15-51-09.jpg,1600,1600,white,287,484,343,551
img_2021-08-26_15-51-09.jpg,1600,1600,white,1256,454,1331,532
img_2021-08-26_15-51-09.jpg,1600,1600,white,1040,493,1106,559
img_2021-08-26_15-51-09.jpg,1600,1600,white,1404,573,1470,640
img_2021-08-26_15-51-09.jpg,1600,1600,white,1415,651,1490,726
img_2021-08-26_15-53-36.jpg,1600,1600,car,204,470,273,526
img_2021-08-26_15-53-36.jpg,1600,1600,car,304,548,354,607
img_2021-08-26_15-53-36.jpg,1600,1600,car,301,823,348,873
img_2021-08-26_15-53-36.jpg,1600,1600,car,1126,876,1179,920
img_2021-08-26_15-53-36.jpg,1600,1600,car,1118,987,1170,1040
img_2021-08-26_15-53-36.jpg,1600,1600,car,1404,776,1448,834
img_2021-08-26_15-53-36.jpg,1600,1600,car,745,765,798,832
img_2021-08-26_15-53-36.jpg,1600,1600,car,1270,1095,1315,1148
img_2021-08-26_15-53-36.jpg,1600,1600,car,956,1368,1009,1423
img_2021-08-26_15-53-36.jpg,1600,1600,white,301,1009,359,1070
img_2021-08-26_15-53-36.jpg,1600,1600,white,498,1404,556,1459
img_2021-08-26_15-53-36.jpg,1600,1600,white,637,1462,690,1529
img_2021-08-26_15-53-36.jpg,1600,1600,white,854,440,915,501
img_2021-08-26_15-53-36.jpg,1600,1600,white,773,382,840,459
img_2021-08-26_15-53-36.jpg,1600,1600,white,493,1151,554,1218
img_2021-08-26_15-53-36.jpg,1600,1600,white,512,1259,565,1320
img_2021-08-26_15-53-36.jpg,1600,1600,white,1204,1409,1256,1468
img_2021-08-26_15-53-36.jpg,1600,1600,white,1429,568,1495,645
img_2021-08-26_15-53-36.jpg,1600,1600,white,248,690,312,759
img_2021-08-26_15-53-36.jpg,1600,1600,white,1015,1359,1070,1423
img_2021-08-26_15-53-36.jpg,1600,1600,white,1468,998,1531,1059
img_2021-08-26_15-51-39.jpg,1600,1600,car,1162,384,1218,445
img_2021-08-26_15-51-39.jpg,1600,1600,car,937,140,1004,201
img_2021-08-26_15-51-39.jpg,1600,1600,car,1270,293,1326,348
img_2021-08-26_15-51-39.jpg,1600,1600,white,206,604,284,682
img_2021-08-26_15-51-39.jpg,1600,1600,white,665,282,740,359
img_2021-08-26_15-51-39.jpg,1600,1600,white,1379,468,1462,537
img_2021-08-26_15-51-54.jpg,1600,1600,car,843,1062,934,1145
img_2021-08-26_15-51-54.jpg,1600,1600,car,668,590,745,657
img_2021-08-26_15-51-54.jpg,1600,1600,car,365,857,451,923
img_2021-08-26_15-51-54.jpg,1600,1600,car,359,543,445,626
img_2021-08-26_15-51-54.jpg,1600,1600,car,1068,643,1148,718
img_2021-08-26_15-51-54.jpg,1600,1600,car,1337,543,1420,634
img_2021-08-26_15-51-54.jpg,1600,1600,car,1362,1148,1479,1240
img_2021-08-26_15-51-54.jpg,1600,1600,car,1306,751,1384,834
img_2021-08-26_15-51-54.jpg,1600,1600,car,551,1382,651,1457
img_2021-08-26_15-51-54.jpg,1600,1600,car,254,279,337,351
img_2021-08-26_15-51-54.jpg,1600,1600,car,840,257,926,345
img_2021-08-26_15-51-54.jpg,1600,1600,car,265,657,334,723
img_2021-08-26_15-51-54.jpg,1600,1600,car,348,434,429,507
img_2021-08-26_15-51-54.jpg,1600,1600,car,76,657,154,729
img_2021-08-26_15-51-54.jpg,1600,1600,car,51,745,137,809
img_2021-08-26_15-51-54.jpg,1600,1600,white,131,998,218,1087
img_2021-08-26_15-51-54.jpg,1600,1600,white,848,615,948,707
img_2021-08-26_15-51-54.jpg,1600,1600,white,1112,198,1204,293
img_2021-08-26_15-51-54.jpg,1600,1600,white,790,1218,915,1320
img_2021-08-26_15-51-54.jpg,1600,1600,white,506,229,598,320
img_2021-08-26_15-51-54.jpg,1600,1600,white,676,287,756,368
img_2021-08-26_15-51-54.jpg,1600,1600,white,762,1351,876,1476
img_2021-08-26_15-51-54.jpg,1600,1600,white,923,1459,1023,1537
img_2021-08-26_15-51-54.jpg,1600,1600,white,1248,282,1331,382
img_2021-08-26_15-51-54.jpg,1600,1600,white,754,404,843,479
img_2021-08-26_15-51-54.jpg,1600,1600,car,1090,1190,1159,1265
img_2021-08-26_15-51-54.jpg,1600,1600,car,1193,1301,1268,1387
img_2021-08-26_15-52-08.jpg,1600,1600,car,729,820,790,884
img_2021-08-26_15-52-08.jpg,1600,1600,car,865,879,923,937
img_2021-08-26_15-52-08.jpg,1600,1600,car,898,979,968,1045
img_2021-08-26_15-52-08.jpg,1600,1600,car,1490,995,1556,1070
img_2021-08-26_15-52-08.jpg,1600,1600,car,1006,1007,1076,1087
img_2021-08-26_15-52-08.jpg,1600,1600,car,456,623,515,695
img_2021-08-26_15-52-08.jpg,1600,1600,car,465,318,520,382
img_2021-08-26_15-52-08.jpg,1600,1600,car,1273,537,1351,598
img_2021-08-26_15-52-08.jpg,1600,1600,car,251,790,318,862
img_2021-08-26_15-52-08.jpg,1600,1600,car,973,1101,1034,1162
img_2021-08-26_15-52-08.jpg,1600,1600,car,390,373,454,425
img_2021-08-26_15-52-08.jpg,1600,1600,white,290,1121,362,1202
img_2021-08-26_15-52-08.jpg,1600,1600,white,176,401,268,487
img_2021-08-26_15-52-08.jpg,1600,1600,white,1118,287,1204,368
img_2021-08-26_15-52-08.jpg,1600,1600,white,923,245,1001,332
img_2021-08-26_15-52-08.jpg,1600,1600,white,581,965,654,1040
img_2021-08-26_15-52-08.jpg,1600,1600,white,684,976,751,1037
img_2021-08-26_15-52-08.jpg,1600,1600,white,573,701,635,773
img_2021-08-26_15-52-08.jpg,1600,1600,white,720,643,793,712
img_2021-08-26_15-52-08.jpg,1600,1600,white,1231,1032,1329,1107
img_2021-08-26_15-52-08.jpg,1600,1600,white,1348,1282,1420,1370
img_2021-08-26_15-52-08.jpg,1600,1600,white,423,915,495,984
img_2021-08-26_15-52-08.jpg,1600,1600,white,940,1243,1001,1304
img_2021-08-26_15-52-08.jpg,1600,1600,white,1015,1226,1093,1298
img_2021-08-26_15-52-08.jpg,1600,1600,white,343,851,395,907
img_2021-08-26_15-52-08.jpg,1600,1600,white,637,773,709,848
img_2021-08-26_15-52-22.jpg,1600,1600,car,1215,395,1298,479
img_2021-08-26_15-52-22.jpg,1600,1600,car,748,1198,829,1265
img_2021-08-26_15-52-22.jpg,1600,1600,car,618,112,698,187
img_2021-08-26_15-52-22.jpg,1600,1600,car,762,1001,831,1065
img_2021-08-26_15-52-22.jpg,1600,1600,car,68,509,123,568
img_2021-08-26_15-52-22.jpg,1600,1600,white,84,971,167,1048
img_2021-08-26_15-52-22.jpg,1600,1600,white,190,765,287,843
img_2021-08-26_15-52-22.jpg,1600,1600,white,334,315,443,415
img_2021-08-26_15-52-22.jpg,1600,1600,white,690,251,801,348
img_2021-08-26_15-52-22.jpg,1600,1600,white,1018,284,1115,384
img_2021-08-26_15-52-22.jpg,1600,1600,white,715,115,823,218
img_2021-08-26_15-52-22.jpg,1600,1600,white,540,812,626,887
img_2021-08-26_15-52-22.jpg,1600,1600,white,915,415,1020,507
img_2021-08-26_15-52-22.jpg,1600,1600,white,415,718,490,790
img_2021-08-26_15-52-22.jpg,1600,1600,white,134,609,223,693
img_2021-08-26_15-52-22.jpg,1600,1600,white,1065,629,1148,712
img_2021-08-26_15-52-22.jpg,1600,1600,white,756,501,843,573
img_2021-08-26_15-52-22.jpg,1600,1600,white,923,295,1026,407
img_2021-08-26_15-52-22.jpg,1600,1600,white,1106,1190,1204,1276
img_2021-08-26_15-53-49.jpg,1600,1600,car,990,1220,1037,1279
img_2021-08-26_15-53-49.jpg,1600,1600,car,1100,1159,1159,1218
img_2021-08-26_15-53-49.jpg,1600,1600,car,1229,1173,1290,1237
img_2021-08-26_15-53-49.jpg,1600,1600,car,481,1262,526,1318
img_2021-08-26_15-53-49.jpg,1600,1600,car,684,1523,729,1570
img_2021-08-26_15-53-49.jpg,1600,1600,car,579,184,626,237
img_2021-08-26_15-53-49.jpg,1600,1600,car,734,932,787,990
img_2021-08-26_15-53-49.jpg,1600,1600,car,1112,115,1173,170
img_2021-08-26_15-53-49.jpg,1600,1600,car,1284,318,1326,368
img_2021-08-26_15-53-49.jpg,1600,1600,car,1273,387,1318,443
img_2021-08-26_15-53-49.jpg,1600,1600,car,1381,340,1420,382
img_2021-08-26_15-53-49.jpg,1600,1600,car,468,1495,526,1559
img_2021-08-26_15-53-49.jpg,1600,1600,car,462,612,504,657
img_2021-08-26_15-53-49.jpg,1600,1600,white,684,359,743,412
img_2021-08-26_15-53-49.jpg,1600,1600,white,1093,520,1162,598
img_2021-08-26_15-53-49.jpg,1600,1600,white,620,1040,676,1093
img_2021-08-26_15-53-49.jpg,1600,1600,white,834,1182,881,1248
img_2021-08-26_15-53-49.jpg,1600,1600,white,301,515,365,579
img_2021-08-26_15-53-49.jpg,1600,1600,white,468,412,529,487
img_2021-08-26_15-53-49.jpg,1600,1600,white,895,1529,968,1600
img_2021-08-26_15-53-49.jpg,1600,1600,white,873,345,943,420
img_2021-08-26_15-53-49.jpg,1600,1600,white,1015,1126,1062,1176
img_2021-08-26_15-53-49.jpg,1600,1600,white,629,912,679,965
img_2021-08-26_15-53-49.jpg,1600,1600,white,246,965,299,1027
img_2021-08-26_15-53-58.jpg,1600,1600,car,1451,420,1506,490
img_2021-08-26_15-53-58.jpg,1600,1600,car,1093,584,1148,643
img_2021-08-26_15-53-58.jpg,1600,1600,car,706,554,776,618
img_2021-08-26_15-53-58.jpg,1600,1600,car,231,579,295,645
img_2021-08-26_15-53-58.jpg,1600,1600,car,729,1484,784,1540
img_2021-08-26_15-53-58.jpg,1600,1600,car,1151,1268,1201,1320
img_2021-08-26_15-53-58.jpg,1600,1600,car,973,1329,1031,1390
img_2021-08-26_15-53-58.jpg,1600,1600,car,1165,1062,1218,1115
img_2021-08-26_15-53-58.jpg,1600,1600,car,984,1237,1029,1276
img_2021-08-26_15-53-58.jpg,1600,1600,car,1151,1104,1190,1154
img_2021-08-26_15-53-58.jpg,1600,1600,car,1118,701,1179,757
img_2021-08-26_15-53-58.jpg,1600,1600,car,84,878,148,945
img_2021-08-26_15-53-58.jpg,1600,1600,white,634,790,698,857
img_2021-08-26_15-53-58.jpg,1600,1600,white,187,368,273,448
img_2021-08-26_15-53-58.jpg,1600,1600,white,815,1368,868,1426
img_2021-08-26_15-53-58.jpg,1600,1600,white,498,1076,559,1151
img_2021-08-26_15-53-58.jpg,1600,1600,white,670,732,729,795
img_2021-08-26_15-53-58.jpg,1600,1600,white,776,198,843,265
img_2021-08-26_15-53-58.jpg,1600,1600,white,865,57,918,112
img_2021-08-26_15-53-58.jpg,1600,1600,white,923,301,981,368
img_2021-08-26_15-53-58.jpg,1600,1600,white,698,365,756,429
img_2021-08-26_15-53-58.jpg,1600,1600,white,1101,90,1170,165
img_2021-08-26_15-53-58.jpg,1600,1600,white,1320,776,1390,854
img_2021-08-26_15-53-58.jpg,1600,1600,white,1176,982,1243,1051
img_2021-08-26_15-53-58.jpg,1600,1600,white,1476,809,1531,870
img_2021-08-26_15-54-08.jpg,1600,1600,car,390,650,440,703
img_2021-08-26_15-54-08.jpg,1600,1600,car,401,557,440,604
img_2021-08-26_15-54-08.jpg,1600,1600,car,440,254,498,309
img_2021-08-26_15-54-08.jpg,1600,1600,car,609,90,670,159
img_2021-08-26_15-54-08.jpg,1600,1600,car,437,1009,498,1068
img_2021-08-26_15-54-08.jpg,1600,1600,car,518,748,576,809
img_2021-08-26_15-54-08.jpg,1600,1600,car,818,1259,862,1307
img_2021-08-26_15-54-08.jpg,1600,1600,car,1204,1379,1254,1426
img_2021-08-26_15-54-08.jpg,1600,1600,car,923,1387,979,1451
img_2021-08-26_15-54-08.jpg,1600,1600,car,970,868,1031,940
img_2021-08-26_15-54-08.jpg,1600,1600,car,900,1015,964,1073
img_2021-08-26_15-54-08.jpg,1600,1600,car,1006,1504,1062,1565
img_2021-08-26_15-54-08.jpg,1600,1600,car,906,698,959,762
img_2021-08-26_15-54-08.jpg,1600,1600,car,790,679,837,732
img_2021-08-26_15-54-08.jpg,1600,1600,white,659,907,723,970
img_2021-08-26_15-54-08.jpg,1600,1600,white,256,882,318,945
img_2021-08-26_15-54-08.jpg,1600,1600,white,370,420,445,490
img_2021-08-26_15-54-08.jpg,1600,1600,white,734,1423,815,1484
img_2021-08-26_15-54-08.jpg,1600,1600,white,1034,1201,1101,1268
img_2021-08-26_15-54-08.jpg,1600,1600,white,990,1320,1051,1382
img_2021-08-26_15-54-08.jpg,1600,1600,white,1076,1451,1148,1532
img_2021-08-26_15-54-08.jpg,1600,1600,white,1281,1298,1340,1359
img_2021-08-26_15-54-08.jpg,1600,1600,white,681,1034,734,1104
img_2021-08-26_15-54-08.jpg,1600,1600,white,730,1032,775,1104
img_2021-08-26_15-54-21.jpg,1600,1600,car,1259,1268,1337,1351
img_2021-08-26_15-54-21.jpg,1600,1600,car,493,1404,565,1482
img_2021-08-26_15-54-21.jpg,1600,1600,car,681,1170,737,1226
img_2021-08-26_15-54-21.jpg,1600,1600,car,393,507,456,573
img_2021-08-26_15-54-21.jpg,1600,1600,car,523,426,584,493
img_2021-08-26_15-54-21.jpg,1600,1600,car,551,123,620,198
img_2021-08-26_15-54-21.jpg,1600,1600,car,709,276,773,340
img_2021-08-26_15-54-21.jpg,1600,1600,car,770,320,823,373
img_2021-08-26_15-54-21.jpg,1600,1600,car,884,193,948,257
img_2021-08-26_15-54-21.jpg,1600,1600,car,562,1318,626,1390
img_2021-08-26_15-54-21.jpg,1600,1600,car,906,1401,962,1459
img_2021-08-26_15-54-21.jpg,1600,1600,car,418,204,481,265
img_2021-08-26_15-54-21.jpg,1600,1600,car,1131,1173,1192,1242
img_2021-08-26_15-54-21.jpg,1600,1600,white,443,790,515,879
img_2021-08-26_15-54-21.jpg,1600,1600,white,220,884,312,968
img_2021-08-26_15-54-21.jpg,1600,1600,white,654,940,734,1023
img_2021-08-26_15-54-21.jpg,1600,1600,white,487,1084,573,1159
img_2021-08-26_15-54-21.jpg,1600,1600,white,1468,698,1543,784
img_2021-08-26_15-54-21.jpg,1600,1600,white,1426,865,1515,957
img_2021-08-26_15-54-21.jpg,1600,1600,white,1284,959,1362,1048
img_2021-08-26_15-54-21.jpg,1600,1600,white,1370,1026,1429,1104
img_2021-08-26_15-54-21.jpg,1600,1600,white,1220,1079,1293,1151
img_2021-08-26_15-54-21.jpg,1600,1600,white,487,1215,556,1282
img_2021-08-26_15-54-21.jpg,1600,1600,white,126,693,206,768
img_2021-08-26_15-54-21.jpg,1600,1600,white,1218,173,1279,248
img_2021-08-26_15-54-21.jpg,1600,1600,white,970,193,1034,254
img_2021-08-26_15-54-21.jpg,1600,1600,white,918,1095,990,1168
img_2021-08-26_15-54-21.jpg,1600,1600,white,806,1323,873,1384
img_2021-08-26_15-54-21.jpg,1600,1600,white,976,1426,1054,1509
img_2021-08-26_15-54-21.jpg,1600,1600,white,684,1407,748,1484
img_2021-08-26_15-54-21.jpg,1600,1600,white,1140,118,1212,193
img_2021-08-26_15-54-21.jpg,1600,1600,white,990,1168,1056,1245
img_2021-08-26_15-54-21.jpg,1600,1600,white,820,1434,893,1495
img_2021-08-26_15-54-21.jpg,1600,1600,white,318,604,390,657
img_2021-08-26_15-49-31.jpg,1600,1600,car,306,382,351,434
img_2021-08-26_15-49-31.jpg,1600,1600,car,393,315,454,362
img_2021-08-26_15-49-31.jpg,1600,1600,car,381,398,431,443
img_2021-08-26_15-49-31.jpg,1600,1600,car,984,582,1037,632
img_2021-08-26_15-49-31.jpg,1600,1600,car,937,1015,1004,1079
img_2021-08-26_15-49-31.jpg,1600,1600,car,512,923,573,984
img_2021-08-26_15-49-31.jpg,1600,1600,car,854,1482,915,1540
img_2021-08-26_15-49-31.jpg,1600,1600,car,1459,1165,1518,1229
img_2021-08-26_15-49-31.jpg,1600,1600,car,1234,912,1290,970
img_2021-08-26_15-49-31.jpg,1600,1600,car,1206,295,1268,359
img_2021-08-26_15-49-31.jpg,1600,1600,car,740,929,798,982
img_2021-08-26_15-49-31.jpg,1600,1600,car,620,1390,665,1440
img_2021-08-26_15-49-31.jpg,1600,1600,car,1193,1357,1245,1407
img_2021-08-26_15-49-31.jpg,1600,1600,car,1018,859,1068,915
img_2021-08-26_15-49-31.jpg,1600,1600,car,1234,225,1298,281
img_2021-08-26_15-49-31.jpg,1600,1600,car,1165,170,1215,223
img_2021-08-26_15-50-02.jpg,1600,1600,car,470,212,515,251
img_2021-08-26_15-50-02.jpg,1600,1600,car,626,468,676,516
img_2021-08-26_15-50-02.jpg,1600,1600,car,604,432,651,476
img_2021-08-26_15-50-02.jpg,1600,1600,car,1190,432,1243,485
img_2021-08-26_15-50-02.jpg,1600,1600,car,1056,518,1115,576
img_2021-08-26_15-50-02.jpg,1600,1600,car,254,834,298,884
img_2021-08-26_15-50-02.jpg,1600,1600,car,791,1037,854,1104
img_2021-08-26_15-50-02.jpg,1600,1600,car,309,1112,359,1176
img_2021-08-26_15-50-02.jpg,1600,1600,car,1221,1332,1287,1393
img_2021-08-26_15-50-02.jpg,1600,1600,car,976,1532,1037,1584
img_2021-08-26_15-50-02.jpg,1600,1600,car,845,179,898,234
img_2021-08-26_15-50-02.jpg,1600,1600,car,890,307,945,359
img_2021-08-26_15-50-02.jpg,1600,1600,car,590,351,643,401
img_2021-08-26_15-50-02.jpg,1600,1600,car,412,317,459,361
img_2021-08-26_15-50-02.jpg,1600,1600,car,276,265,329,309
img_2021-08-26_15-50-02.jpg,1600,1600,white,443,773,523,851
img_2021-08-26_15-50-02.jpg,1600,1600,white,1020,1218,1090,1287
img_2021-08-26_15-50-02.jpg,1600,1600,white,479,1312,556,1384
img_2021-08-26_15-50-02.jpg,1600,1600,white,1368,332,1437,398
img_2021-08-26_15-50-02.jpg,1600,1600,white,1259,1076,1318,1132
img_2021-08-26_15-50-02.jpg,1600,1600,white,1120,1329,1190,1395
img_2021-08-26_15-50-02.jpg,1600,1600,white,1031,326,1084,382
img_2021-08-26_15-50-02.jpg,1600,1600,white,840,123,890,176
img_2021-08-26_15-50-02.jpg,1600,1600,white,1084,100,1150,170
img_2021-08-26_15-50-02.jpg,1600,1600,white,559,984,618,1054
img_2021-08-26_15-50-02.jpg,1600,1600,white,681,751,737,815
img_2021-08-26_15-50-02.jpg,1600,1600,white,248,520,312,565
img_2021-08-26_15-50-02.jpg,1600,1600,white,1287,368,1348,429
img_2021-08-26_15-50-02.jpg,1600,1600,white,543,126,601,173
img_2021-08-26_15-50-02.jpg,1600,1600,white,23,707,73,768
img_2021-08-26_15-50-02.jpg,1600,1600,white,109,648,159,709
img_2021-08-26_15-50-02.jpg,1600,1600,white,540,265,590,320
img_2021-08-26_15-50-13.jpg,1600,1600,car,270,759,328,804
img_2021-08-26_15-50-13.jpg,1600,1600,car,556,1229,604,1273
img_2021-08-26_15-50-13.jpg,1600,1600,car,818,573,868,632
img_2021-08-26_15-50-13.jpg,1600,1600,car,1226,976,1279,1023
img_2021-08-26_15-50-13.jpg,1600,1600,car,320,813,367,871
img_2021-08-26_15-50-13.jpg,1600,1600,car,1037,749,1095,799
img_2021-08-26_15-50-13.jpg,1600,1600,car,976,482,1026,540
img_2021-08-26_15-50-13.jpg,1600,1600,white,115,590,173,645
img_2021-08-26_15-50-13.jpg,1600,1600,white,926,1282,979,1334
img_2021-08-26_15-50-13.jpg,1600,1600,white,1037,1351,1087,1409
img_2021-08-26_15-50-13.jpg,1600,1600,white,581,1345,634,1401
img_2021-08-26_15-50-13.jpg,1600,1600,white,629,1329,676,1384
img_2021-08-26_15-50-13.jpg,1600,1600,white,1404,745,1462,798
img_2021-08-26_15-50-13.jpg,1600,1600,white,240,893,290,945
img_2021-08-26_15-50-32.jpg,1600,1600,car,509,279,598,357
img_2021-08-26_15-50-32.jpg,1600,1600,car,1191,401,1271,479
img_2021-08-26_15-50-32.jpg,1600,1600,car,293,812,362,879
img_2021-08-26_15-50-32.jpg,1600,1600,car,201,1068,279,1140
img_2021-08-26_15-50-32.jpg,1600,1600,car,384,859,456,923
img_2021-08-26_15-50-32.jpg,1600,1600,car,581,1270,651,1340
img_2021-08-26_15-50-32.jpg,1600,1600,car,456,895,518,970
img_2021-08-26_15-50-32.jpg,1600,1600,car,1415,1265,1476,1329
img_2021-08-26_15-50-32.jpg,1600,1600,car,1031,1209,1095,1273
img_2021-08-26_15-50-32.jpg,1600,1600,car,1143,1026,1206,1095
img_2021-08-26_15-50-32.jpg,1600,1600,car,1106,1443,1201,1520
img_2021-08-26_15-50-32.jpg,1600,1600,white,226,629,312,712
img_2021-08-26_15-50-32.jpg,1600,1600,white,868,195,956,284
img_2021-08-26_15-50-32.jpg,1600,1600,white,1151,204,1251,320
img_2021-08-26_15-50-32.jpg,1600,1600,white,865,432,956,520
img_2021-08-26_15-50-32.jpg,1600,1600,white,168,757,248,845
img_2021-08-26_15-50-32.jpg,1600,1600,white,870,973,976,1065
img_2021-08-26_15-50-32.jpg,1600,1600,white,1120,815,1204,904
img_2021-08-26_15-50-32.jpg,1600,1600,white,1270,1204,1373,1298
img_2021-08-26_15-50-32.jpg,1600,1600,white,954,1393,1065,1484
img_2021-08-26_15-50-32.jpg,1600,1600,white,1248,748,1340,840
img_2021-08-26_15-50-32.jpg,1600,1600,white,1351,376,1445,479
img_2021-08-26_15-50-32.jpg,1600,1600,white,1265,640,1348,726
img_2021-08-26_15-50-32.jpg,1600,1600,white,1065,437,1143,523
img_2021-08-26_15-50-32.jpg,1600,1600,white,970,465,1051,559
img_2021-08-26_15-50-32.jpg,1600,1600,white,1451,768,1518,854
img_2021-08-26_15-50-32.jpg,1600,1600,white,1143,1234,1231,1312
img_2021-08-26_15-50-32.jpg,1600,1600,white,879,1284,962,1375
img_2021-08-26_15-50-32.jpg,1600,1600,white,48,968,165,1070
img_2021-08-26_15-50-32.jpg,1600,1600,white,979,1293,1056,1376
img_2021-08-26_15-48-17.jpg,1600,1600,car,554,68,629,143
img_2021-08-26_15-48-17.jpg,1600,1600,car,1079,559,1145,615
img_2021-08-26_15-48-17.jpg,1600,1600,car,940,1301,1018,1373
img_2021-08-26_15-48-17.jpg,1600,1600,car,562,176,620,237
img_2021-08-26_15-48-17.jpg,1600,1600,car,887,140,979,220
img_2021-08-26_15-48-17.jpg,1600,1600,car,1215,1095,1298,1173
img_2021-08-26_15-48-17.jpg,1600,1600,car,1020,684,1081,751
img_2021-08-26_15-48-17.jpg,1600,1600,car,1420,1093,1493,1157
img_2021-08-26_15-48-17.jpg,1600,1600,white,1306,476,1390,559
img_2021-08-26_15-48-17.jpg,1600,1600,white,1429,754,1518,848
img_2021-08-26_15-48-17.jpg,1600,1600,white,1429,1001,1520,1084
img_2021-08-26_15-48-17.jpg,1600,1600,white,676,643,762,732
img_2021-08-26_15-48-17.jpg,1600,1600,white,540,351,629,434
img_2021-08-26_15-48-17.jpg,1600,1600,white,1151,1301,1231,1379
img_2021-08-26_15-48-17.jpg,1600,1600,white,1065,1329,1156,1426
img_2021-08-26_15-48-17.jpg,1600,1600,white,1159,1007,1243,1095
img_2021-08-26_15-48-28.jpg,1600,1600,car,381,470,420,512
img_2021-08-26_15-48-28.jpg,1600,1600,car,936,787,1009,848
img_2021-08-26_15-48-28.jpg,1600,1600,white,1040,154,1118,234
img_2021-08-26_15-48-28.jpg,1600,1600,white,348,301,412,357
img_2021-08-26_15-48-28.jpg,1600,1600,white,984,354,1065,440
img_2021-08-26_15-48-28.jpg,1600,1600,white,687,384,768,459
img_2021-08-26_15-48-28.jpg,1600,1600,white,601,590,690,670
img_2021-08-26_15-48-28.jpg,1600,1600,white,987,959,1056,1034
img_2021-08-26_15-48-39.jpg,1600,1600,car,165,726,212,770
img_2021-08-26_15-48-39.jpg,1600,1600,car,737,862,795,923
img_2021-08-26_15-48-39.jpg,1600,1600,car,737,1120,795,1190
img_2021-08-26_15-48-39.jpg,1600,1600,car,620,1329,676,1387
img_2021-08-26_15-48-39.jpg,1600,1600,car,318,1432,365,1482
img_2021-08-26_15-48-39.jpg,1600,1600,car,323,1262,381,1318
img_2021-08-26_15-48-39.jpg,1600,1600,car,1240,526,1287,579
img_2021-08-26_15-48-39.jpg,1600,1600,car,1368,626,1423,679
img_2021-08-26_15-48-39.jpg,1600,1600,car,1329,715,1384,770
img_2021-08-26_15-48-39.jpg,1600,1600,car,1312,851,1362,904
img_2021-08-26_15-48-39.jpg,1600,1600,car,226,507,276,559
img_2021-08-26_15-48-39.jpg,1600,1600,car,948,1032,1017,1095
img_2021-08-26_15-48-39.jpg,1600,1600,car,984,1498,1048,1559
img_2021-08-26_15-48-39.jpg,1600,1600,car,323,1073,381,1132
img_2021-08-26_15-48-39.jpg,1600,1600,car,448,704,509,757
img_2021-08-26_15-48-39.jpg,1600,1600,car,626,559,668,607
img_2021-08-26_15-48-39.jpg,1600,1600,white,1001,232,1065,304
img_2021-08-26_15-48-39.jpg,1600,1600,white,998,284,1065,357
img_2021-08-26_15-48-39.jpg,1600,1600,white,1154,401,1212,459
img_2021-08-26_15-48-39.jpg,1600,1600,white,879,937,951,1001
img_2021-08-26_15-48-39.jpg,1600,1600,white,784,1007,848,1068
img_2021-08-26_15-48-39.jpg,1600,1600,white,623,934,681,995
img_2021-08-26_15-48-39.jpg,1600,1600,white,109,990,173,1057
img_2021-08-26_15-48-39.jpg,1600,1600,white,254,699,318,751
img_2021-08-26_15-48-39.jpg,1600,1600,white,273,612,334,657
img_2021-08-26_15-48-39.jpg,1600,1600,white,534,615,587,673
img_2021-08-26_15-48-39.jpg,1600,1600,white,1168,1398,1226,1468
img_2021-08-26_15-48-39.jpg,1600,1600,white,1326,1212,1379,1276
img_2021-08-26_15-48-39.jpg,1600,1600,white,1381,1182,1445,1248
img_2021-08-26_15-48-39.jpg,1600,1600,white,581,282,651,343
img_2021-08-26_15-48-39.jpg,1600,1600,white,162,1173,231,1243
img_2021-08-26_15-48-39.jpg,1600,1600,white,212,1232,287,1307
img_2021-08-26_15-48-39.jpg,1600,1600,white,348,1176,418,1245
img_2021-08-26_15-48-39.jpg,1600,1600,white,190,357,259,432
img_2021-08-26_15-48-39.jpg,1600,1600,white,109,512,176,570
img_2021-08-26_15-48-55.jpg,1600,1600,car,226,501,281,568
img_2021-08-26_15-48-55.jpg,1600,1600,car,165,723,215,776
img_2021-08-26_15-48-55.jpg,1600,1600,car,737,862,806,920
img_2021-08-26_15-48-55.jpg,1600,1600,car,734,1123,804,1182
img_2021-08-26_15-48-55.jpg,1600,1600,car,1231,526,1295,582
img_2021-08-26_15-48-55.jpg,1600,1600,car,1368,623,1426,682
img_2021-08-26_15-48-55.jpg,1600,1600,car,1331,712,1381,770
img_2021-08-26_15-48-55.jpg,1600,1600,car,1312,854,1365,907
img_2021-08-26_15-48-55.jpg,1600,1600,car,620,1332,679,1384
img_2021-08-26_15-48-55.jpg,1600,1600,car,326,1257,376,1318
img_2021-08-26_15-48-55.jpg,1600,1600,car,448,704,509,762
img_2021-08-26_15-48-55.jpg,1600,1600,car,951,1034,1018,1098
img_2021-08-26_15-48-55.jpg,1600,1600,car,948,1093,1004,1145
img_2021-08-26_15-48-55.jpg,1600,1600,car,987,1501,1051,1559
img_2021-08-26_15-48-55.jpg,1600,1600,car,309,1423,373,1479
img_2021-08-26_15-48-55.jpg,1600,1600,car,329,1073,381,1134
img_2021-08-26_15-48-55.jpg,1600,1600,car,670,623,723,679
img_2021-08-26_15-48-55.jpg,1600,1600,car,618,565,670,604
img_2021-08-26_15-48-55.jpg,1600,1600,white,579,287,645,348
img_2021-08-26_15-48-55.jpg,1600,1600,white,998,232,1062,298
img_2021-08-26_15-48-55.jpg,1600,1600,white,993,287,1062,364
img_2021-08-26_15-48-55.jpg,1600,1600,white,1151,401,1209,465
img_2021-08-26_15-48-55.jpg,1600,1600,white,1215,409,1276,482
img_2021-08-26_15-48-55.jpg,1600,1600,white,109,984,176,1051
img_2021-08-26_15-48-55.jpg,1600,1600,white,162,1173,226,1240
img_2021-08-26_15-48-55.jpg,1600,1600,white,354,1170,418,1243
img_2021-08-26_15-48-55.jpg,1600,1600,white,209,1229,284,1307
img_2021-08-26_15-48-55.jpg,1600,1600,white,1165,1387,1248,1468
img_2021-08-26_15-48-55.jpg,1600,1600,white,587,965,648,1029
img_2021-08-26_15-48-55.jpg,1600,1600,white,118,512,170,568
img_2021-08-26_15-48-55.jpg,1600,1600,white,1323,1215,1381,1279
img_2021-08-26_15-48-55.jpg,1600,1600,white,884,937,951,1007
img_2021-08-26_15-48-55.jpg,1600,1600,white,790,1007,848,1068
img_2021-08-26_15-48-55.jpg,1600,1600,white,254,693,318,757
img_2021-08-26_15-48-55.jpg,1600,1600,white,279,609,331,668
img_2021-08-26_15-48-55.jpg,1600,1600,white,529,609,590,673
img_2021-08-26_15-49-07.jpg,1600,1600,car,626,1420,704,1498
img_2021-08-26_15-49-07.jpg,1600,1600,car,923,1457,1004,1532
img_2021-08-26_15-49-07.jpg,1600,1600,car,812,1015,898,1093
img_2021-08-26_15-49-07.jpg,1600,1600,car,873,732,951,815
img_2021-08-26_15-49-07.jpg,1600,1600,car,862,507,962,601
img_2021-08-26_15-49-07.jpg,1600,1600,car,476,1020,565,1098
img_2021-08-26_15-49-07.jpg,1600,1600,white,312,754,412,843
img_2021-08-26_15-49-07.jpg,1600,1600,white,645,651,723,734
img_2021-08-26_15-49-07.jpg,1600,1600,white,926,395,1015,493
img_2021-08-26_15-49-07.jpg,1600,1600,white,593,507,698,604
img_2021-08-26_15-49-07.jpg,1600,1600,white,1329,1198,1431,1290
img_2021-08-26_15-49-07.jpg,1600,1600,white,540,1373,626,1465
img_2021-08-26_15-49-07.jpg,1600,1600,white,637,868,726,968
img_2021-08-26_15-49-07.jpg,1600,1600,white,995,676,1079,768
img_2021-08-26_15-49-07.jpg,1600,1600,white,423,1087,515,1170
img_2021-08-26_15-52-34.jpg,1600,1600,car,18,537,90,601
img_2021-08-26_15-52-34.jpg,1600,1600,car,204,759,254,812
img_2021-08-26_15-52-34.jpg,1600,1600,car,673,940,737,1004
img_2021-08-26_15-52-34.jpg,1600,1600,car,843,893,901,943
img_2021-08-26_15-52-34.jpg,1600,1600,car,756,1129,820,1190
img_2021-08-26_15-52-34.jpg,1600,1600,car,420,1420,468,1479
img_2021-08-26_15-52-34.jpg,1600,1600,car,723,1484,795,1540
img_2021-08-26_15-52-34.jpg,1600,1600,car,868,232,920,287
img_2021-08-26_15-52-34.jpg,1600,1600,car,481,576,537,637
img_2021-08-26_15-52-34.jpg,1600,1600,car,212,1126,282,1184
img_2021-08-26_15-52-34.jpg,1600,1600,car,470,1007,515,1057
img_2021-08-26_15-52-34.jpg,1600,1600,car,729,857,776,912
img_2021-08-26_15-52-34.jpg,1600,1600,car,684,407,740,468
img_2021-08-26_15-52-34.jpg,1600,1600,car,548,287,606,334
img_2021-08-26_15-52-34.jpg,1600,1600,car,718,323,773,379
img_2021-08-26_15-52-34.jpg,1600,1600,car,1343,876,1390,923
img_2021-08-26_15-52-34.jpg,1600,1600,car,787,140,848,201
img_2021-08-26_15-52-34.jpg,1600,1600,car,281,1018,334,1076
img_2021-08-26_15-52-34.jpg,1600,1600,car,234,876,281,923
img_2021-08-26_15-52-34.jpg,1600,1600,car,448,1357,504,1404
img_2021-08-26_15-52-34.jpg,1600,1600,car,490,1398,540,1454
img_2021-08-26_15-52-34.jpg,1600,1600,white,1065,707,1131,776
img_2021-08-26_15-52-34.jpg,1600,1600,white,829,484,915,570
img_2021-08-26_15-52-34.jpg,1600,1600,white,462,768,540,837
img_2021-08-26_15-52-34.jpg,1600,1600,white,470,912,537,976
img_2021-08-26_15-52-34.jpg,1600,1600,white,190,418,246,479
img_2021-08-26_15-52-34.jpg,1600,1600,white,315,265,398,340
img_2021-08-26_15-52-34.jpg,1600,1600,white,493,1187,540,1237
img_2021-08-26_15-52-34.jpg,1600,1600,white,326,1193,376,1248
img_2021-08-26_15-52-34.jpg,1600,1600,white,651,1257,726,1323
img_2021-08-26_15-52-34.jpg,1600,1600,white,712,1382,781,1440
img_2021-08-26_15-52-34.jpg,1600,1600,white,573,1407,634,1479
img_2021-08-26_15-52-34.jpg,1600,1600,white,1059,1090,1118,1162
img_2021-08-26_15-52-34.jpg,1600,1600,white,379,1087,431,1140
img_2021-08-26_15-52-34.jpg,1600,1600,white,654,704,706,759
img_2021-08-26_15-52-34.jpg,1600,1600,white,306,387,379,454
img_2021-08-26_15-52-34.jpg,1600,1600,white,1245,1026,1315,1098
img_2021-08-26_15-52-34.jpg,1600,1600,white,820,1132,878,1210
img_2021-08-26_15-52-34.jpg,1600,1600,white,654,867,721,922
img_2021-08-26_15-52-34.jpg,1600,1600,white,237,945,287,993
img_2021-08-26_15-52-42.jpg,1600,1600,car,723,920,795,998
img_2021-08-26_15-52-42.jpg,1600,1600,car,898,873,954,934
img_2021-08-26_15-52-42.jpg,1600,1600,car,784,834,840,895
img_2021-08-26_15-52-42.jpg,1600,1600,car,751,1465,826,1526
img_2021-08-26_15-52-42.jpg,1600,1600,car,268,1087,320,1148
img_2021-08-26_15-52-42.jpg,1600,1600,car,798,1112,862,1176
img_2021-08-26_15-52-42.jpg,1600,1600,car,759,384,826,457
img_2021-08-26_15-52-42.jpg,1600,1600,car,93,495,159,554
img_2021-08-26_15-52-42.jpg,1600,1600,car,31,887,101,951
img_2021-08-26_15-52-42.jpg,1600,1600,car,251,712,323,776
img_2021-08-26_15-52-42.jpg,1600,1600,car,518,976,576,1034
img_2021-08-26_15-52-42.jpg,1600,1600,car,1404,882,1445,929
img_2021-08-26_15-52-42.jpg,1600,1600,car,945,209,1015,287
img_2021-08-26_15-52-42.jpg,1600,1600,car,876,129,923,182
img_2021-08-26_15-52-42.jpg,1600,1600,car,793,298,854,359
img_2021-08-26_15-52-42.jpg,1600,1600,car,622,254,689,312
img_2021-08-26_15-52-42.jpg,1600,1600,car,543,548,615,615
img_2021-08-26_15-52-42.jpg,1600,1600,car,284,834,343,887
img_2021-08-26_15-52-42.jpg,1600,1600,car,1195,743,1243,795
img_2021-08-26_15-52-42.jpg,1600,1600,car,331,982,379,1029
img_2021-08-26_15-52-42.jpg,1600,1600,car,451,1393,501,1448
img_2021-08-26_15-52-42.jpg,1600,1600,car,490,1326,531,1376
img_2021-08-26_15-52-42.jpg,1600,1600,car,523,1373,579,1423
img_2021-08-26_15-52-42.jpg,1600,1600,white,1101,1084,1173,1154
img_2021-08-26_15-52-42.jpg,1600,1600,white,695,1237,773,1307
img_2021-08-26_15-52-42.jpg,1600,1600,white,759,1354,820,1420
img_2021-08-26_15-52-42.jpg,1600,1600,white,362,1159,423,1212
img_2021-08-26_15-52-42.jpg,1600,1600,white,534,737,593,809
img_2021-08-26_15-52-42.jpg,1600,1600,white,265,370,331,440
img_2021-08-26_15-52-42.jpg,1600,1600,white,409,232,479,309
img_2021-08-26_15-52-42.jpg,1600,1600,white,912,476,981,557
img_2021-08-26_15-52-42.jpg,1600,1600,white,534,1151,590,1212
img_2021-08-26_15-52-42.jpg,1600,1600,white,523,884,581,948
img_2021-08-26_15-52-42.jpg,1600,1600,white,390,348,448,409
img_2021-08-26_15-52-42.jpg,1600,1600,white,861,1124,931,1182
img_2021-08-26_15-52-42.jpg,1600,1600,white,1123,698,1198,782
img_2021-08-26_15-52-42.jpg,1600,1600,white,431,1059,473,1112
img_2021-08-26_15-52-42.jpg,1600,1600,white,434,993,484,1051
img_2021-08-26_15-52-42.jpg,1600,1600,white,287,898,340,959
img_2021-08-26_15-52-42.jpg,1600,1600,white,609,1384,673,1451
img_2021-08-26_15-52-42.jpg,1600,1600,white,1293,1032,1359,1104
img_2021-08-26_15-52-42.jpg,1600,1600,white,718,676,768,740
img_2021-08-26_15-52-54.jpg,1600,1600,car,1112,704,1201,787
img_2021-08-26_15-52-54.jpg,1600,1600,car,1384,279,1459,359
img_2021-08-26_15-52-54.jpg,1600,1600,car,754,354,826,426
img_2021-08-26_15-52-54.jpg,1600,1600,car,831,409,898,465
img_2021-08-26_15-52-54.jpg,1600,1600,car,1370,1340,1426,1398
img_2021-08-26_15-52-54.jpg,1600,1600,car,618,1468,720,1565
img_2021-08-26_15-52-54.jpg,1600,1600,car,1051,1400,1123,1472
img_2021-08-26_15-52-54.jpg,1600,1600,car,293,1004,343,1059
img_2021-08-26_15-52-54.jpg,1600,1600,car,195,998,251,1062
img_2021-08-26_15-52-54.jpg,1600,1600,car,120,587,181,648
img_2021-08-26_15-52-54.jpg,1600,1600,car,379,1354,434,1409
img_2021-08-26_15-52-54.jpg,1600,1600,car,156,907,218,959
img_2021-08-26_15-52-54.jpg,1600,1600,car,98,870,154,929
img_2021-08-26_15-52-54.jpg,1600,1600,white,640,1076,701,1137
img_2021-08-26_15-52-54.jpg,1600,1600,white,240,562,312,634
img_2021-08-26_15-52-54.jpg,1600,1600,white,531,432,598,493
img_2021-08-26_15-52-54.jpg,1600,1600,white,662,234,740,304
img_2021-08-26_15-52-54.jpg,1600,1600,white,973,320,1045,398
img_2021-08-26_15-52-54.jpg,1600,1600,white,898,179,951,245
img_2021-08-26_15-52-54.jpg,1600,1600,white,943,1176,1015,1245
img_2021-08-26_15-52-54.jpg,1600,1600,white,1109,826,1179,907
img_2021-08-26_15-52-54.jpg,1600,1600,white,1190,990,1262,1059
img_2021-08-26_15-52-54.jpg,1600,1600,white,1323,870,1398,959
img_2021-08-26_15-52-54.jpg,1600,1600,white,604,1354,673,1418
img_2021-08-26_15-52-54.jpg,1600,1600,white,1040,1223,1101,1290
img_2021-08-26_15-52-54.jpg,1600,1600,white,1109,1265,1162,1326
img_2021-08-26_15-52-54.jpg,1600,1600,white,1454,701,1534,787
img_2021-08-26_15-52-54.jpg,1600,1600,white,1195,109,1265,193
img_2021-08-26_15-52-54.jpg,1600,1600,white,840,1307,895,1373
img_2021-08-26_15-53-10.jpg,1600,1600,car,875,702,928,755
img_2021-08-26_15-53-10.jpg,1600,1600,car,1376,1034,1420,1093
img_2021-08-26_15-53-10.jpg,1600,1600,car,1379,948,1423,993
img_2021-08-26_15-53-10.jpg,1600,1600,car,759,148,815,204
img_2021-08-26_15-53-10.jpg,1600,1600,car,962,112,1020,182
img_2021-08-26_15-53-10.jpg,1600,1600,car,815,234,856,287
img_2021-08-26_15-53-10.jpg,1600,1600,car,565,537,631,595
img_2021-08-26_15-53-10.jpg,1600,1600,car,376,1170,423,1223
img_2021-08-26_15-53-10.jpg,1600,1600,car,973,1229,1023,1276
img_2021-08-26_15-53-10.jpg,1600,1600,car,1298,1115,1345,1162
img_2021-08-26_15-53-10.jpg,1600,1600,car,1351,1176,1398,1226
img_2021-08-26_15-53-10.jpg,1600,1600,car,1306,1193,1345,1243
img_2021-08-26_15-53-10.jpg,1600,1600,car,995,1459,1029,1495
img_2021-08-26_15-53-10.jpg,1600,1600,car,673,1540,723,1590
img_2021-08-26_15-53-10.jpg,1600,1600,car,415,307,470,370
img_2021-08-26_15-53-10.jpg,1600,1600,white,443,904,498,970
img_2021-08-26_15-53-10.jpg,1600,1600,white,284,1012,331,1070
img_2021-08-26_15-53-10.jpg,1600,1600,white,176,1043,220,1095
img_2021-08-26_15-53-10.jpg,1600,1600,white,342,665,387,723
img_2021-08-26_15-53-10.jpg,1600,1600,white,690,337,756,407
img_2021-08-26_15-53-10.jpg,1600,1600,white,568,129,623,201
img_2021-08-26_15-53-10.jpg,1600,1600,white,1151,626,1204,687
img_2021-08-26_15-53-10.jpg,1600,1600,white,1229,345,1279,409
img_2021-08-26_15-53-10.jpg,1600,1600,white,1076,415,1145,482
img_2021-08-26_15-53-10.jpg,1600,1600,white,1176,1032,1240,1101
img_2021-08-26_15-53-10.jpg,1600,1600,white,601,1426,654,1487
img_2021-08-26_15-53-10.jpg,1600,1600,white,720,1368,768,1412
img_2021-08-26_15-53-10.jpg,1600,1600,white,770,1376,823,1426
img_2021-08-26_15-53-10.jpg,1600,1600,white,468,1165,512,1220
img_2021-08-26_15-53-10.jpg,1600,1600,white,1009,1140,1059,1187
img_2021-08-26_15-53-10.jpg,1600,1600,white,404,590,448,646
img_2021-08-26_15-53-10.jpg,1600,1600,white,1279,1348,1329,1409
img_2021-08-26_15-53-10.jpg,1600,1600,white,381,1398,434,1465
img_2021-08-26_15-53-10.jpg,1600,1600,white,920,939,968,1003
img_2021-08-26_15-50-41.jpg,1600,1600,car,329,332,387,395
img_2021-08-26_15-50-41.jpg,1600,1600,car,651,351,709,407
img_2021-08-26_15-50-41.jpg,1600,1600,car,1056,357,1112,415
img_2021-08-26_15-50-41.jpg,1600,1600,car,1465,401,1526,468
img_2021-08-26_15-50-41.jpg,1600,1600,car,1037,1423,1095,1479
img_2021-08-26_15-50-41.jpg,1600,1600,car,890,665,940,723
img_2021-08-26_15-50-41.jpg,1600,1600,car,959,784,1004,834
img_2021-08-26_15-50-41.jpg,1600,1600,car,784,1315,837,1370
img_2021-08-26_15-50-41.jpg,1600,1600,car,837,1326,881,1379
img_2021-08-26_15-50-41.jpg,1600,1600,car,629,1362,668,1404
img_2021-08-26_15-50-41.jpg,1600,1600,car,540,515,590,573
img_2021-08-26_15-50-41.jpg,1600,1600,car,429,468,473,518
img_2021-08-26_15-50-41.jpg,1600,1600,car,484,415,537,465
img_2021-08-26_15-50-41.jpg,1600,1600,car,570,448,601,479
img_2021-08-26_15-50-41.jpg,1600,1600,car,806,684,848,729
img_2021-08-26_15-50-41.jpg,1600,1600,car,798,643,856,693
img_2021-08-26_15-50-41.jpg,1600,1600,white,868,1062,934,1120
img_2021-08-26_15-50-41.jpg,1600,1600,white,248,757,318,815
img_2021-08-26_15-50-41.jpg,1600,1600,white,234,934,326,1007
img_2021-08-26_15-50-41.jpg,1600,1600,white,381,751,443,812
img_2021-08-26_15-50-41.jpg,1600,1600,white,418,551,481,615
img_2021-08-26_15-50-41.jpg,1600,1600,white,684,112,745,190
img_2021-08-26_15-50-41.jpg,1600,1600,white,1129,429,1195,501
img_2021-08-26_15-50-41.jpg,1600,1600,white,1218,957,1279,1018
img_2021-08-26_15-50-41.jpg,1600,1600,white,1179,1043,1251,1118
img_2021-08-26_15-50-41.jpg,1600,1600,white,1262,1045,1318,1115
img_2021-08-26_15-50-41.jpg,1600,1600,white,979,609,1045,673
img_2021-08-26_15-50-41.jpg,1600,1600,white,1018,723,1090,795
img_2021-08-26_15-50-41.jpg,1600,1600,white,484,1276,559,1357
img_2021-08-26_15-50-49.jpg,1600,1600,car,120,629,187,690
img_2021-08-26_15-50-49.jpg,1600,1600,car,404,1329,465,1387
img_2021-08-26_15-50-49.jpg,1600,1600,car,826,962,893,1034
img_2021-08-26_15-50-49.jpg,1600,1600,car,1054,962,1115,1037
img_2021-08-26_15-50-49.jpg,1600,1600,car,848,487,906,559
img_2021-08-26_15-50-49.jpg,1600,1600,car,1087,451,1143,515
img_2021-08-26_15-50-49.jpg,1600,1600,car,945,529,1015,595
img_2021-08-26_15-50-49.jpg,1600,1600,car,231,407,281,459
img_2021-08-26_15-50-49.jpg,1600,1600,car,504,551,576,615
img_2021-08-26_15-50-49.jpg,1600,1600,car,651,109,712,165
img_2021-08-26_15-50-49.jpg,1600,1600,car,179,570,234,626
img_2021-08-26_15-50-49.jpg,1600,1600,white,654,1345,715,1409
img_2021-08-26_15-50-49.jpg,1600,1600,white,523,832,590,895
img_2021-08-26_15-50-49.jpg,1600,1600,white,1276,607,1343,668
img_2021-08-26_15-50-49.jpg,1600,1600,white,1443,895,1501,951
img_2021-08-26_15-50-49.jpg,1600,1600,white,1137,887,1198,948
img_2021-08-26_15-50-49.jpg,1600,1600,white,906,1234,976,1307
img_2021-08-26_15-50-49.jpg,1600,1600,white,973,107,1056,187
img_2021-08-26_15-50-49.jpg,1600,1600,white,1004,1137,1068,1204
img_2021-08-26_15-50-49.jpg,1600,1600,white,1076,1087,1148,1151
img_2021-08-26_15-50-49.jpg,1600,1600,white,1073,1251,1140,1318
img_2021-08-26_15-50-49.jpg,1600,1600,white,693,620,756,673
img_2021-08-26_15-50-49.jpg,1600,1600,white,1084,1184,1151,1257
img_2021-08-26_15-50-58.jpg,1600,1600,car,584,1407,656,1482
img_2021-08-26_15-50-58.jpg,1600,1600,car,759,1226,815,1284
img_2021-08-26_15-50-58.jpg,1600,1600,car,1193,626,1262,695
img_2021-08-26_15-50-58.jpg,1600,1600,car,773,418,843,484
img_2021-08-26_15-50-58.jpg,1600,1600,car,1054,476,1126,540
img_2021-08-26_15-50-58.jpg,1600,1600,car,737,651,806,723
img_2021-08-26_15-50-58.jpg,1600,1600,car,1262,690,1331,762
img_2021-08-26_15-50-58.jpg,1600,1600,car,1309,782,1376,848
img_2021-08-26_15-50-58.jpg,1600,1600,car,481,229,545,287
img_2021-08-26_15-50-58.jpg,1600,1600,car,212,357,284,423
img_2021-08-26_15-50-58.jpg,1600,1600,car,448,423,504,490
img_2021-08-26_15-50-58.jpg,1600,1600,car,187,815,251,884
img_2021-08-26_15-50-58.jpg,1600,1600,car,1495,748,1573,823
img_2021-08-26_15-50-58.jpg,1600,1600,car,1465,870,1529,945
img_2021-08-26_15-50-58.jpg,1600,1600,white,340,479,415,548
img_2021-08-26_15-50-58.jpg,1600,1600,white,484,690,573,759
img_2021-08-26_15-50-58.jpg,1600,1600,white,823,290,909,373
img_2021-08-26_15-50-58.jpg,1600,1600,white,1140,245,1245,337
img_2021-08-26_15-50-58.jpg,1600,1600,white,1009,959,1109,1059
img_2021-08-26_15-50-58.jpg,1600,1600,white,993,1245,1054,1318
img_2021-08-26_15-50-58.jpg,1600,1600,white,823,1287,906,1365
img_2021-08-26_15-50-58.jpg,1600,1600,white,909,1187,1009,1287
img_2021-08-26_15-50-58.jpg,1600,1600,white,1279,1204,1370,1301
img_2021-08-26_15-50-58.jpg,1600,1600,white,1240,1057,1331,1157
img_2021-08-26_15-50-58.jpg,1600,1600,white,1337,965,1423,1054
img_2021-08-26_15-50-58.jpg,1600,1600,white,1343,1073,1418,1159
img_2021-08-26_15-50-58.jpg,1600,1600,white,223,520,281,584
img_2021-08-26_15-50-58.jpg,1600,1600,white,145,479,226,568
img_2021-08-26_15-50-58.jpg,1600,1600,white,579,362,645,451
img_2021-08-25_16-47-42.jpg,1600,1600,car,743,240,806,301
img_2021-08-25_16-47-42.jpg,1600,1600,car,610,726,690,801
img_2021-08-25_16-47-42.jpg,1600,1600,white,1156,495,1234,584
img_2021-08-25_16-47-42.jpg,1600,1600,white,1020,398,1104,476
img_2021-08-25_16-47-42.jpg,1600,1600,white,1087,145,1159,223
img_2021-08-25_16-47-42.jpg,1600,1600,white,987,276,1059,357
img_2021-08-25_16-47-42.jpg,1600,1600,white,873,129,940,193
img_2021-08-25_16-47-42.jpg,1600,1600,white,795,162,865,229
img_2021-08-25_16-47-42.jpg,1600,1600,white,570,490,637,557
img_2021-08-25_16-47-42.jpg,1600,1600,white,590,323,695,398
img_2021-08-25_16-47-42.jpg,1600,1600,white,373,623,440,698
img_2021-08-25_16-47-42.jpg,1600,1600,white,268,757,345,826
img_2021-08-25_16-47-42.jpg,1600,1600,white,159,834,234,904
img_2021-08-25_16-47-42.jpg,1600,1600,white,490,1307,573,1393
img_2021-08-25_16-47-42.jpg,1600,1600,white,204,1132,265,1201
img_2021-08-25_16-47-42.jpg,1600,1600,white,1348,443,1415,509
img_2021-08-25_16-47-42.jpg,1600,1600,white,1420,623,1498,707
img_2021-08-25_16-47-42.jpg,1600,1600,white,1340,807,1423,884
img_2021-08-25_16-47-42.jpg,1600,1600,white,1384,1059,1456,1129
img_2021-08-25_16-48-02.jpg,1600,1600,car,859,837,924,901
img_2021-08-25_16-48-02.jpg,1600,1600,car,465,637,537,718
img_2021-08-25_16-48-02.jpg,1600,1600,car,195,926,256,990
img_2021-08-25_16-48-02.jpg,1600,1600,car,409,1292,476,1356
img_2021-08-25_16-48-02.jpg,1600,1600,car,987,1043,1056,1118
img_2021-08-25_16-48-02.jpg,1600,1600,car,690,54,751,126
img_2021-08-25_16-48-02.jpg,1600,1600,car,515,123,587,187
img_2021-08-25_16-48-02.jpg,1600,1600,car,1115,109,1181,176
img_2021-08-25_16-48-02.jpg,1600,1600,car,654,1501,710,1562
img_2021-08-25_16-48-02.jpg,1600,1600,car,598,782,648,832
img_2021-08-25_16-48-02.jpg,1600,1600,white,576,1004,648,1082
img_2021-08-25_16-48-02.jpg,1600,1600,white,37,701,106,762
img_2021-08-25_16-48-02.jpg,1600,1600,white,109,1037,176,1101
img_2021-08-25_16-48-02.jpg,1600,1600,white,154,1212,223,1290
img_2021-08-25_16-48-02.jpg,1600,1600,white,815,1470,881,1537
img_2021-08-25_16-48-02.jpg,1600,1600,white,1151,1068,1229,1137
img_2021-08-25_16-48-02.jpg,1600,1600,white,1395,882,1470,965
img_2021-08-25_16-48-02.jpg,1600,1600,white,1318,604,1390,687
img_2021-08-25_16-48-02.jpg,1600,1600,white,81,618,143,670
img_2021-08-25_16-48-12.jpg,1600,1600,car,476,609,554,693
img_2021-08-25_16-48-12.jpg,1600,1600,car,281,1184,368,1270
img_2021-08-25_16-48-12.jpg,1600,1600,car,1284,1318,1359,1395
img_2021-08-25_16-48-12.jpg,1600,1600,car,1056,932,1126,1004
img_2021-08-25_16-48-12.jpg,1600,1600,white,226,532,320,632
img_2021-08-25_16-48-12.jpg,1600,1600,white,204,409,309,509
img_2021-08-25_16-48-12.jpg,1600,1600,white,565,420,659,501
img_2021-08-25_16-48-12.jpg,1600,1600,white,562,759,659,851
img_2021-08-25_16-48-12.jpg,1600,1600,white,334,990,434,1076
img_2021-08-25_16-48-12.jpg,1600,1600,white,656,1251,759,1329
img_2021-08-25_16-48-12.jpg,1600,1600,white,1134,632,1240,732
img_2021-08-25_16-48-12.jpg,1600,1600,white,1223,482,1309,579
img_2021-08-25_16-48-12.jpg,1600,1600,white,1479,859,1559,951
img_2021-08-25_16-48-12.jpg,1600,1600,white,1340,1057,1406,1132
img_2021-08-25_16-49-31.jpg,1600,1600,car,843,960,923,1030
img_2021-08-25_16-49-31.jpg,1600,1600,car,959,820,1023,890
img_2021-08-25_16-49-31.jpg,1600,1600,car,215,798,281,868
img_2021-08-25_16-49-31.jpg,1600,1600,car,153,854,220,920
img_2021-08-25_16-49-31.jpg,1600,1600,car,790,1409,834,1459
img_2021-08-25_16-49-31.jpg,1600,1600,white,829,90,926,176
img_2021-08-25_16-49-31.jpg,1600,1600,white,956,298,1029,370
img_2021-08-25_16-49-31.jpg,1600,1600,white,656,382,748,468
img_2021-08-25_16-49-31.jpg,1600,1600,white,442,745,537,829
img_2021-08-25_16-49-31.jpg,1600,1600,white,1245,940,1331,1043
img_2021-08-25_16-49-31.jpg,1600,1600,white,570,440,651,526
img_2021-08-25_16-49-31.jpg,1600,1600,white,1050,801,1131,884
img_2021-08-25_16-49-31.jpg,1600,1600,white,123,1037,223,1137
img_2021-08-25_16-49-31.jpg,1600,1600,white,1006,1451,1106,1554
img_2021-08-25_16-49-31.jpg,1600,1600,white,1407,1287,1504,1373
img_2021-08-25_16-49-47.jpg,1600,1600,car,1301,932,1365,993
img_2021-08-25_16-49-47.jpg,1600,1600,car,123,493,193,559
img_2021-08-25_16-49-47.jpg,1600,1600,car,448,373,498,426
img_2021-08-25_16-49-47.jpg,1600,1600,car,615,234,668,290
img_2021-08-25_16-49-47.jpg,1600,1600,white,395,695,454,757
img_2021-08-25_16-49-47.jpg,1600,1600,white,493,1229,570,1293
img_2021-08-25_16-49-47.jpg,1600,1600,white,554,1393,629,1468
img_2021-08-25_16-49-47.jpg,1600,1600,white,1226,1132,1281,1190
img_2021-08-25_16-49-47.jpg,1600,1600,white,1117,995,1184,1062
img_2021-08-25_16-49-47.jpg,1600,1600,white,420,265,493,332
img_2021-08-25_16-49-47.jpg,1600,1600,white,309,459,387,532
img_2021-08-25_16-49-47.jpg,1600,1600,white,776,251,848,323
img_2021-08-25_16-49-47.jpg,1600,1600,white,814,451,875,529
img_2021-08-25_16-49-47.jpg,1600,1600,white,1495,587,1556,659
img_2021-08-25_16-49-58.jpg,1600,1600,car,571,160,654,243
img_2021-08-25_16-49-58.jpg,1600,1600,white,701,1051,787,1134
img_2021-08-25_16-49-58.jpg,1600,1600,white,320,915,409,1007
img_2021-08-25_16-49-58.jpg,1600,1600,white,420,668,501,754
img_2021-08-25_16-49-58.jpg,1600,1600,white,398,515,490,598
img_2021-08-25_16-49-58.jpg,1600,1600,white,154,432,248,512
img_2021-08-25_16-49-58.jpg,1600,1600,white,412,215,498,295
img_2021-08-25_16-49-58.jpg,1600,1600,white,1104,287,1190,373
img_2021-08-25_16-49-58.jpg,1600,1600,white,170,1176,251,1251
img_2021-08-26_15-54-29.jpg,1600,1600,car,1306,918,1365,984
img_2021-08-26_15-54-29.jpg,1600,1600,car,929,376,1009,451
img_2021-08-26_15-54-29.jpg,1600,1600,car,1079,148,1140,215
img_2021-08-26_15-54-29.jpg,1600,1600,car,1373,290,1440,365
img_2021-08-26_15-54-29.jpg,1600,1600,car,1351,584,1415,654
img_2021-08-26_15-54-29.jpg,1600,1600,car,965,715,1034,784
img_2021-08-26_15-54-29.jpg,1600,1600,car,165,415,234,490
img_2021-08-26_15-54-29.jpg,1600,1600,car,662,562,726,620
img_2021-08-26_15-54-29.jpg,1600,1600,car,1165,895,1229,967
img_2021-08-26_15-54-29.jpg,1600,1600,car,712,951,768,1012
img_2021-08-26_15-54-29.jpg,1600,1600,car,1373,851,1440,932
img_2021-08-26_15-54-29.jpg,1600,1600,car,720,1176,781,1237
img_2021-08-26_15-54-29.jpg,1600,1600,car,476,1207,534,1270
img_2021-08-26_15-54-29.jpg,1600,1600,car,120,601,184,673
img_2021-08-26_15-54-29.jpg,1600,1600,car,126,698,195,773
img_2021-08-26_15-54-29.jpg,1600,1600,car,884,582,954,654
img_2021-08-26_15-54-29.jpg,1600,1600,car,1209,323,1268,384
img_2021-08-26_15-54-29.jpg,1600,1600,white,481,440,568,520
img_2021-08-26_15-54-29.jpg,1600,1600,white,181,904,259,981
img_2021-08-26_15-54-29.jpg,1600,1600,white,193,729,268,801
img_2021-08-26_15-54-29.jpg,1600,1600,white,173,532,243,598
img_2021-08-26_15-54-29.jpg,1600,1600,white,1159,1020,1237,1104
img_2021-08-26_15-54-29.jpg,1600,1600,white,1373,1098,1454,1198
img_2021-08-26_15-54-29.jpg,1600,1600,white,1090,1370,1162,1459
img_2021-08-26_15-54-29.jpg,1600,1600,white,1081,554,1151,632
img_2021-08-26_15-54-29.jpg,1600,1600,white,1159,126,1223,198
img_2021-08-26_15-54-29.jpg,1600,1600,white,1265,229,1320,287
img_2021-08-26_15-54-29.jpg,1600,1600,white,656,1259,712,1326
img_2021-08-26_15-54-29.jpg,1600,1600,white,493,1337,556,1412
img_2021-08-26_15-54-29.jpg,1600,1600,white,990,1409,1056,1482
img_2021-08-26_15-54-29.jpg,1600,1600,white,334,1109,384,1165
img_2021-08-26_15-54-29.jpg,1600,1600,white,790,484,851,551
img_2021-08-26_15-54-29.jpg,1600,1600,white,809,568,879,637
img_2021-08-26_15-54-29.jpg,1600,1600,white,659,918,720,973
img_2021-08-26_15-54-49.jpg,1600,1600,car,551,945,640,1023
img_2021-08-26_15-54-49.jpg,1600,1600,car,545,1229,615,1287
img_2021-08-26_15-54-49.jpg,1600,1600,car,1420,870,1484,937
img_2021-08-26_15-54-49.jpg,1600,1600,car,712,118,770,184
img_2021-08-26_15-54-49.jpg,1600,1600,car,1231,773,1304,845
img_2021-08-26_15-54-49.jpg,1600,1600,car,1145,762,1192,826
img_2021-08-26_15-54-49.jpg,1600,1600,car,1148,929,1215,990
img_2021-08-26_15-54-49.jpg,1600,1600,car,1068,1279,1131,1340
img_2021-08-26_15-54-49.jpg,1600,1600,car,804,954,845,1007
img_2021-08-26_15-54-49.jpg,1600,1600,car,1162,1368,1218,1423
img_2021-08-26_15-54-49.jpg,1600,1600,car,340,509,395,565
img_2021-08-26_15-54-49.jpg,1600,1600,car,304,562,362,615
img_2021-08-26_15-54-49.jpg,1600,1600,white,531,715,604,782
img_2021-08-26_15-54-49.jpg,1600,1600,white,873,1443,948,1520
img_2021-08-26_15-54-49.jpg,1600,1600,white,737,1401,787,1465
img_2021-08-26_15-54-49.jpg,1600,1600,white,443,1418,523,1504
img_2021-08-26_15-54-49.jpg,1600,1600,white,1048,1087,1118,1170
img_2021-08-26_15-54-49.jpg,1600,1600,white,1223,1048,1301,1118
img_2021-08-26_15-54-49.jpg,1600,1600,white,1348,1084,1420,1168
img_2021-08-26_15-54-49.jpg,1600,1600,white,976,598,1034,662
img_2021-08-26_15-54-49.jpg,1600,1600,white,470,157,526,212
img_2021-08-26_15-54-49.jpg,1600,1600,white,276,651,348,720
img_2021-08-26_15-54-49.jpg,1600,1600,white,1177,1205,1246,1277
img_2021-08-26_15-54-49.jpg,1600,1600,white,1259,284,1323,357
img_2021-08-26_15-54-49.jpg,1600,1600,white,1318,387,1379,454
img_2021-08-26_15-54-49.jpg,1600,1600,white,1004,898,1070,959
img_2021-08-26_15-54-49.jpg,1600,1600,white,229,545,284,607
img_2021-08-26_15-54-49.jpg,1600,1600,white,1134,857,1195,915
img_2021-08-26_15-54-49.jpg,1600,1600,white,1220,865,1287,934
img_2021-08-26_15-55-00.jpg,1600,1600,car,531,773,598,840
img_2021-08-26_15-55-00.jpg,1600,1600,car,787,1026,840,1082
img_2021-08-26_15-55-00.jpg,1600,1600,car,540,1457,604,1523
img_2021-08-26_15-55-00.jpg,1600,1600,car,790,1404,843,1468
img_2021-08-26_15-55-00.jpg,1600,1600,car,1248,712,1301,768
img_2021-08-26_15-55-00.jpg,1600,1600,car,965,1012,1015,1065
img_2021-08-26_15-55-00.jpg,1600,1600,car,1298,679,1351,732
img_2021-08-26_15-55-00.jpg,1600,1600,car,731,237,787,293
img_2021-08-26_15-55-00.jpg,1600,1600,car,145,823,198,879
img_2021-08-26_15-55-00.jpg,1600,1600,car,624,1223,676,1267
img_2021-08-26_15-55-00.jpg,1600,1600,car,423,718,470,768
img_2021-08-26_15-55-00.jpg,1600,1600,car,131,1040,184,1098
img_2021-08-26_15-55-00.jpg,1600,1600,car,890,820,945,887
img_2021-08-26_15-55-00.jpg,1600,1600,car,1098,870,1148,929
img_2021-08-26_15-55-00.jpg,1600,1600,car,870,418,912,465
img_2021-08-26_15-55-00.jpg,1600,1600,car,1445,509,1493,557
img_2021-08-26_15-55-00.jpg,1600,1600,car,1493,459,1543,515
img_2021-08-26_15-55-00.jpg,1600,1600,white,645,487,715,554
img_2021-08-26_15-55-00.jpg,1600,1600,white,465,532,529,598
img_2021-08-26_15-55-00.jpg,1600,1600,white,356,407,426,468
img_2021-08-26_15-55-00.jpg,1600,1600,white,181,495,251,557
img_2021-08-26_15-55-00.jpg,1600,1600,white,548,943,615,1001
img_2021-08-26_15-55-00.jpg,1600,1600,white,626,1087,687,1143
img_2021-08-26_15-55-00.jpg,1600,1600,white,695,1090,745,1148
img_2021-08-26_15-55-00.jpg,1600,1600,white,1070,1095,1131,1165
img_2021-08-26_15-55-00.jpg,1600,1600,white,918,1226,973,1279
img_2021-08-26_15-55-00.jpg,1600,1600,white,1109,1307,1173,1362
img_2021-08-26_15-55-00.jpg,1600,1600,white,1368,1109,1437,1176
img_2021-08-26_15-55-00.jpg,1600,1600,white,1020,615,1087,676
img_2021-08-26_15-55-00.jpg,1600,1600,white,423,1090,462,1140
img_2021-08-26_15-55-00.jpg,1600,1600,white,495,1228,567,1287
img_2021-08-26_15-55-00.jpg,1600,1600,white,945,418,998,482
img_2021-08-26_15-55-00.jpg,1600,1600,white,751,384,795,432
img_2021-08-26_15-55-00.jpg,1600,1600,white,862,979,926,1043
img_2021-08-26_15-55-00.jpg,1600,1600,white,1204,873,1256,940
img_2021-08-26_15-55-00.jpg,1600,1600,white,868,1482,934,1551
img_2021-08-26_15-55-00.jpg,1600,1600,white,1095,1182,1151,1237
img_2021-08-26_15-55-00.jpg,1600,1600,white,1131,343,1190,404
img_2021-08-26_15-55-12.jpg,1600,1600,car,818,1195,895,1282
img_2021-08-26_15-55-12.jpg,1600,1600,car,954,1220,1031,1287
img_2021-08-26_15-55-12.jpg,1600,1600,car,1351,1073,1418,1148
img_2021-08-26_15-55-12.jpg,1600,1600,car,923,840,1004,918
img_2021-08-26_15-55-12.jpg,1600,1600,car,912,899,976,955
img_2021-08-26_15-55-12.jpg,1600,1600,car,526,915,570,968
img_2021-08-26_15-55-12.jpg,1600,1600,car,767,424,828,496
img_2021-08-26_15-55-12.jpg,1600,1600,car,151,709,206,768
img_2021-08-26_15-55-12.jpg,1600,1600,car,121,915,184,973
img_2021-08-26_15-55-12.jpg,1600,1600,car,568,334,620,387
img_2021-08-26_15-55-12.jpg,1600,1600,car,606,415,665,468
img_2021-08-26_15-55-12.jpg,1600,1600,car,878,615,931,679
img_2021-08-26_15-55-12.jpg,1600,1600,white,1201,726,1293,807
img_2021-08-26_15-55-12.jpg,1600,1600,white,1251,1151,1348,1245
img_2021-08-26_15-55-12.jpg,1600,1600,white,934,1407,1026,1507
img_2021-08-26_15-55-12.jpg,1600,1600,white,620,1054,693,1123
img_2021-08-26_15-55-12.jpg,1600,1600,white,462,801,537,876
img_2021-08-26_15-55-12.jpg,1600,1600,white,256,415,323,473
img_2021-08-26_15-55-12.jpg,1600,1600,white,1123,565,1209,634
img_2021-08-26_15-55-12.jpg,1600,1600,white,1115,470,1195,554
img_2021-08-26_15-55-12.jpg,1600,1600,white,1001,1023,1087,1104
img_2021-08-26_15-55-12.jpg,1600,1600,white,323,898,395,962
img_2021-08-26_15-55-12.jpg,1600,1600,white,234,915,298,982
img_2021-08-26_15-55-12.jpg,1600,1600,white,765,932,845,1018
img_2021-08-26_15-55-12.jpg,1600,1600,white,695,1545,801,1600
img_2021-08-26_15-55-12.jpg,1600,1600,white,1112,243,1209,320
img_2021-08-26_15-55-12.jpg,1600,1600,white,1109,787,1176,862
img_2021-08-26_15-55-12.jpg,1600,1600,white,1056,845,1131,909
img_2021-08-26_15-55-12.jpg,1600,1600,white,284,1118,373,1220
img_2021-08-26_15-55-12.jpg,1600,1600,white,545,1057,609,1120
img_2021-08-26_15-55-12.jpg,1600,1600,white,712,498,765,562
img_2021-08-26_15-55-12.jpg,1600,1600,white,831,509,887,584
img_2021-08-26_15-55-12.jpg,1600,1600,white,743,859,809,920
img_2021-08-25_16-45-06.jpg,1600,1600,car,1029,1184,1109,1259
img_2021-08-25_16-45-06.jpg,1600,1600,car,1087,801,1145,873
img_2021-08-25_16-45-06.jpg,1600,1600,car,1006,984,1076,1057
img_2021-08-25_16-45-06.jpg,1600,1600,car,912,965,981,1032
img_2021-08-25_16-45-20.jpg,1600,1600,car,818,1151,884,1218
img_2021-08-25_16-45-20.jpg,1600,1600,car,251,1287,323,1368
img_2021-08-25_16-45-20.jpg,1600,1600,white,804,707,865,762
img_2021-08-25_16-45-20.jpg,1600,1600,white,334,840,404,901
img_2021-08-25_16-45-20.jpg,1600,1600,white,318,968,379,1023
img_2021-08-25_16-45-20.jpg,1600,1600,white,1070,501,1145,573
img_2021-08-25_16-45-20.jpg,1600,1600,white,418,387,495,457
img_2021-08-25_16-45-20.jpg,1600,1600,white,209,362,265,426
img_2021-08-25_16-45-20.jpg,1600,1600,white,179,568,254,629
img_2021-08-25_16-45-20.jpg,1600,1600,white,423,584,481,654
img_2021-08-25_16-45-20.jpg,1600,1600,white,1295,1020,1356,1095
img_2021-08-25_16-45-20.jpg,1600,1600,white,1031,1345,1098,1412
img_2021-08-25_16-45-20.jpg,1600,1600,white,915,1443,979,1520
img_2021-08-25_16-45-20.jpg,1600,1600,white,1018,1437,1081,1507
img_2021-08-25_16-45-20.jpg,1600,1600,white,1195,659,1265,740
img_2021-08-25_16-45-20.jpg,1600,1600,white,1234,751,1298,823
img_2021-08-25_16-45-20.jpg,1600,1600,white,1451,715,1515,776
img_2021-08-25_16-45-20.jpg,1600,1600,white,1512,637,1570,698
img_2021-08-25_16-45-55.jpg,1600,1600,car,523,743,593,815
img_2021-08-25_16-45-55.jpg,1600,1600,white,495,943,570,1018
img_2021-08-25_16-45-55.jpg,1600,1600,white,1209,562,1276,645
img_2021-08-25_16-45-55.jpg,1600,1600,white,1256,662,1331,723
img_2021-08-25_16-45-55.jpg,1600,1600,white,515,848,576,912
img_2021-08-25_16-45-55.jpg,1600,1600,white,329,1287,437,1384
